Date,Open,High,Low,Close
4/3/2011 21:00:00,1.41562,1.42451,1.4054,1.42314
4/4/2011 21:00:00,1.42309,1.4268,1.41925,1.42203
4/5/2011 21:00:00,1.42207,1.42454,1.41514,1.42209
4/6/2011 21:00:00,1.42198,1.4349,1.42058,1.4329
4/7/2011 21:00:00,1.4332,1.43369,1.4242,1.43082
4/10/2011 21:00:00,1.43084,1.44868,1.4291,1.44694
4/11/2011 21:00:00,1.44638,1.44832,1.44204,1.44328
4/12/2011 21:00:00,1.44332,1.45192,1.43769,1.44732
4/13/2011 21:00:00,1.44722,1.452,1.44131,1.44463
4/14/2011 21:00:00,1.44458,1.45142,1.43648,1.44872
4/17/2011 21:00:00,1.44871,1.45033,1.43901,1.44164
4/18/2011 21:00:00,1.44165,1.44203,1.41566,1.42284
4/19/2011 21:00:00,1.4229,1.43531,1.42047,1.43345
4/20/2011 21:00:00,1.4334,1.45478,1.43276,1.45224
4/21/2011 21:00:00,1.4523,1.46483,1.45049,1.45523
4/24/2011 21:00:00,1.4552,1.45882,1.45328,1.45418
4/25/2011 21:00:00,1.45587,1.46267,1.4525,1.45814
4/26/2011 21:00:00,1.45828,1.46574,1.44931,1.46433
4/27/2011 21:00:00,1.4638,1.47948,1.46323,1.47879
4/28/2011 21:00:00,1.47786,1.48816,1.47681,1.48234
5/1/2011 21:00:00,1.48236,1.48776,1.48036,1.48275
5/2/2011 21:00:00,1.48263,1.49017,1.4762,1.48292
5/3/2011 21:00:00,1.48289,1.48897,1.47541,1.48257
5/4/2011 21:00:00,1.48263,1.49399,1.47745,1.48267
5/5/2011 21:00:00,1.48186,1.4899,1.45097,1.45421
5/8/2011 21:00:00,1.45416,1.45873,1.43091,1.43561
5/9/2011 21:00:00,1.43538,1.44421,1.42542,1.43611
5/10/2011 21:00:00,1.4362,1.44124,1.42701,1.44098
5/11/2011 21:00:00,1.441,1.44233,1.4172,1.41916
5/12/2011 21:00:00,1.41923,1.42762,1.41231,1.42413
5/15/2011 21:00:00,1.42408,1.43391,1.40661,1.41166
5/16/2011 21:00:00,1.40891,1.42442,1.40478,1.41551
5/17/2011 21:00:00,1.4156,1.42382,1.41196,1.42363
5/18/2011 21:00:00,1.42346,1.42866,1.41946,1.42466
5/19/2011 21:00:00,1.42426,1.43249,1.4206,1.43094
5/22/2011 21:00:00,1.43082,1.43453,1.41327,1.41596
5/23/2011 21:00:00,1.41208,1.41454,1.39689,1.40447
5/24/2011 21:00:00,1.40453,1.41329,1.40017,1.4098
5/25/2011 21:00:00,1.40972,1.41179,1.40131,1.40869
5/26/2011 21:00:00,1.40823,1.42061,1.40675,1.41419
5/29/2011 21:00:00,1.41392,1.43235,1.41249,1.42991
5/30/2011 21:00:00,1.43083,1.43199,1.42564,1.42801
5/31/2011 21:00:00,1.42808,1.44237,1.42778,1.43959
6/1/2011 21:00:00,1.43921,1.44585,1.43207,1.43244
6/2/2011 21:00:00,1.43238,1.45138,1.43066,1.44961
6/5/2011 21:00:00,1.44923,1.46423,1.44504,1.46252
6/6/2011 21:00:00,1.46251,1.46579,1.45569,1.45731
6/7/2011 21:00:00,1.45726,1.46963,1.45634,1.46906
6/8/2011 21:00:00,1.46934,1.46941,1.45639,1.45777
6/9/2011 21:00:00,1.45721,1.46526,1.44773,1.45029
6/12/2011 21:00:00,1.45041,1.45506,1.43122,1.43234
6/13/2011 21:00:00,1.43235,1.44298,1.43206,1.44139
6/14/2011 21:00:00,1.44138,1.44972,1.4378,1.44397
6/15/2011 21:00:00,1.44389,1.44511,1.4156,1.41776
6/16/2011 21:00:00,1.41704,1.42213,1.40728,1.42054
6/19/2011 21:00:00,1.42009,1.43393,1.41268,1.43025
6/20/2011 21:00:00,1.42785,1.43276,1.41909,1.43062
6/21/2011 21:00:00,1.43059,1.44223,1.43028,1.44109
6/22/2011 21:00:00,1.44053,1.44415,1.43412,1.43516
6/23/2011 21:00:00,1.43478,1.43561,1.4126,1.42536
6/26/2011 21:00:00,1.42511,1.43062,1.41413,1.41869
6/27/2011 21:00:00,1.41918,1.42935,1.41024,1.42862
6/28/2011 21:00:00,1.42864,1.43968,1.42368,1.43704
6/29/2011 21:00:00,1.43715,1.44478,1.43186,1.44334
6/30/2011 21:00:00,1.44356,1.45376,1.44267,1.45021
7/3/2011 21:00:00,1.45025,1.45517,1.44362,1.45311
7/4/2011 21:00:00,1.45363,1.45773,1.44952,1.45328
7/5/2011 21:00:00,1.45327,1.45532,1.43967,1.44251
7/6/2011 21:00:00,1.44242,1.44663,1.42859,1.43181
7/7/2011 21:00:00,1.43185,1.43743,1.42206,1.43602
7/10/2011 21:00:00,1.43603,1.43685,1.42051,1.42123
7/11/2011 21:00:00,1.42122,1.42271,1.39861,1.4029
7/12/2011 21:00:00,1.40283,1.40616,1.38371,1.39762
7/13/2011 21:00:00,1.39636,1.41923,1.39511,1.4163
7/14/2011 21:00:00,1.41972,1.42819,1.4115,1.41422
7/17/2011 21:00:00,1.41423,1.41984,1.40919,1.41548
7/18/2011 21:00:00,1.41038,1.41342,1.40139,1.41145
7/19/2011 21:00:00,1.41146,1.4217,1.40683,1.41508
7/20/2011 21:00:00,1.41511,1.42394,1.41328,1.42134
7/21/2011 21:00:00,1.42141,1.44338,1.41384,1.44234
7/24/2011 21:00:00,1.44233,1.44373,1.43234,1.43838
7/25/2011 21:00:00,1.43895,1.4416,1.43247,1.43762
7/26/2011 21:00:00,1.4375,1.45254,1.43568,1.45096
7/27/2011 21:00:00,1.45093,1.45357,1.43383,1.43681
7/28/2011 21:00:00,1.43655,1.44001,1.42531,1.43332
7/31/2011 21:00:00,1.43323,1.44128,1.42291,1.4371
8/1/2011 21:00:00,1.43703,1.44532,1.41842,1.42472
8/2/2011 21:00:00,1.42473,1.42827,1.41507,1.4202
8/3/2011 21:00:00,1.41918,1.4344,1.41426,1.43241
8/4/2011 21:00:00,1.43235,1.43715,1.40875,1.40881
8/7/2011 21:00:00,1.40887,1.42975,1.40545,1.42751
8/8/2011 21:00:00,1.44156,1.44277,1.41288,1.41703
8/9/2011 21:00:00,1.41705,1.43758,1.41519,1.43743
8/10/2011 21:00:00,1.43738,1.4401,1.41616,1.41762
8/11/2011 21:00:00,1.41753,1.42941,1.41034,1.42373
8/14/2011 21:00:00,1.42403,1.42911,1.41491,1.42653
8/15/2011 21:00:00,1.42654,1.44768,1.42362,1.44432
8/16/2011 21:00:00,1.44407,1.44717,1.43541,1.44055
8/17/2011 21:00:00,1.44026,1.4517,1.43242,1.44243
8/18/2011 21:00:00,1.44217,1.44519,1.42711,1.43322
8/21/2011 21:00:00,1.43319,1.44525,1.42589,1.43951
8/22/2011 21:00:00,1.43767,1.4434,1.4347,1.43575
8/23/2011 21:00:00,1.43576,1.44997,1.43533,1.444
8/24/2011 21:00:00,1.44405,1.44812,1.43779,1.44134
8/25/2011 21:00:00,1.44135,1.44744,1.43275,1.43771
8/28/2011 21:00:00,1.43768,1.45012,1.43285,1.4498
8/29/2011 21:00:00,1.44976,1.45486,1.44656,1.45097
8/30/2011 21:00:00,1.45095,1.45327,1.43841,1.44404
8/31/2011 21:00:00,1.44403,1.44688,1.43583,1.43684
9/1/2011 21:00:00,1.43683,1.4385,1.42262,1.42577
9/4/2011 21:00:00,1.42581,1.42878,1.41603,1.41605
9/5/2011 21:00:00,1.41598,1.41758,1.406,1.40974
9/6/2011 21:00:00,1.4097,1.42849,1.39717,1.39968
9/7/2011 21:00:00,1.39966,1.41493,1.39904,1.4097
9/8/2011 21:00:00,1.40967,1.40991,1.38722,1.38795
9/11/2011 21:00:00,1.38797,1.39362,1.36264,1.36527
9/12/2011 21:00:00,1.35858,1.36941,1.34987,1.3678
9/13/2011 21:00:00,1.3681,1.37386,1.35573,1.36774
9/14/2011 21:00:00,1.36768,1.37828,1.35909,1.37521
9/15/2011 21:00:00,1.37519,1.39364,1.3703,1.3875
9/18/2011 21:00:00,1.3875,1.38927,1.37532,1.37898
9/19/2011 21:00:00,1.36912,1.37207,1.35858,1.3685
9/20/2011 21:00:00,1.36843,1.37441,1.3593,1.36989
9/21/2011 21:00:00,1.36982,1.37962,1.35626,1.35713
9/22/2011 21:00:00,1.35705,1.36003,1.33842,1.34637
9/25/2011 21:00:00,1.34591,1.35666,1.34178,1.35203
9/26/2011 21:00:00,1.35192,1.35497,1.33617,1.35328
9/27/2011 21:00:00,1.35314,1.36679,1.34784,1.35798
9/28/2011 21:00:00,1.358,1.36896,1.35322,1.35401
9/29/2011 21:00:00,1.35399,1.36789,1.35191,1.35956
10/2/2011 21:00:00,1.35953,1.36007,1.3338,1.33381
10/3/2011 21:00:00,1.33419,1.33807,1.31666,1.31729
10/4/2011 21:00:00,1.31737,1.33684,1.31451,1.33476
10/5/2011 21:00:00,1.33467,1.33834,1.32596,1.33474
10/6/2011 21:00:00,1.33471,1.34505,1.32412,1.34359
10/9/2011 21:00:00,1.34358,1.35244,1.33603,1.3381
10/10/2011 21:00:00,1.33809,1.36979,1.33772,1.36392
10/11/2011 21:00:00,1.36391,1.36835,1.35647,1.36374
10/12/2011 21:00:00,1.36375,1.38334,1.3582,1.37878
10/13/2011 21:00:00,1.37885,1.38259,1.36848,1.37763
10/16/2011 21:00:00,1.37751,1.38936,1.37229,1.38659
10/17/2011 21:00:00,1.38674,1.39139,1.3725,1.37364
10/18/2011 21:00:00,1.37355,1.3817,1.36523,1.37499
10/19/2011 21:00:00,1.37498,1.38688,1.37246,1.37579
10/20/2011 21:00:00,1.37582,1.38431,1.36556,1.37774
10/23/2011 21:00:00,1.37757,1.3901,1.37037,1.38846
10/24/2011 21:00:00,1.3839,1.3956,1.38214,1.39276
10/25/2011 21:00:00,1.3927,1.396,1.3848,1.3904
10/26/2011 21:00:00,1.39039,1.39742,1.3797,1.39026
10/27/2011 21:00:00,1.3902,1.42462,1.3863,1.41867
10/30/2011 21:00:00,1.4187,1.41994,1.41326,1.4143
10/31/2011 21:00:00,1.41498,1.41703,1.38273,1.38543
11/1/2011 21:00:00,1.38542,1.387,1.36072,1.36996
11/2/2011 21:00:00,1.36994,1.38277,1.36349,1.37441
11/3/2011 21:00:00,1.37443,1.38539,1.36554,1.38221
11/6/2011 22:00:00,1.3822,1.38678,1.37096,1.3786
11/7/2011 22:00:00,1.38252,1.38295,1.36802,1.37722
11/8/2011 22:00:00,1.37715,1.38461,1.37234,1.3831
11/9/2011 22:00:00,1.38314,1.38584,1.35222,1.35399
11/10/2011 22:00:00,1.35403,1.3652,1.34832,1.36027
11/13/2011 22:00:00,1.36026,1.37941,1.35775,1.37447
11/14/2011 22:00:00,1.38071,1.38077,1.35907,1.36314
11/15/2011 22:00:00,1.36315,1.36397,1.34954,1.35377
11/16/2011 22:00:00,1.35376,1.35565,1.34278,1.34596
11/17/2011 22:00:00,1.34597,1.35392,1.34206,1.34548
11/20/2011 22:00:00,1.34533,1.36134,1.34458,1.35201
11/21/2011 22:00:00,1.35066,1.354,1.34293,1.34876
11/22/2011 22:00:00,1.34893,1.3568,1.34684,1.35023
11/23/2011 22:00:00,1.35018,1.35302,1.33193,1.33403
11/24/2011 22:00:00,1.33408,1.34108,1.3315,1.33442
11/27/2011 22:00:00,1.33443,1.335,1.32115,1.32343
11/28/2011 22:00:00,1.33215,1.3398,1.32718,1.3318
11/29/2011 22:00:00,1.33181,1.34415,1.32849,1.33145
11/30/2011 22:00:00,1.3316,1.35323,1.32585,1.34443
12/1/2011 22:00:00,1.34442,1.35204,1.34164,1.34591
12/4/2011 22:00:00,1.34585,1.35483,1.33622,1.33873
12/5/2011 22:00:00,1.34199,1.34857,1.3374,1.33987
12/6/2011 22:00:00,1.33996,1.34272,1.33326,1.34002
12/7/2011 22:00:00,1.33995,1.34525,1.33503,1.34105
12/8/2011 22:00:00,1.34122,1.34588,1.32883,1.33381
12/11/2011 22:00:00,1.33383,1.34332,1.32808,1.33813
12/12/2011 22:00:00,1.33784,1.33796,1.31623,1.31881
12/13/2011 22:00:00,1.31871,1.32361,1.3008,1.30332
12/14/2011 22:00:00,1.30329,1.30638,1.29442,1.29814
12/15/2011 22:00:00,1.29812,1.30494,1.29565,1.3015
12/18/2011 22:00:00,1.30172,1.30835,1.29943,1.30278
12/19/2011 22:00:00,1.30384,1.30431,1.2982,1.29926
12/20/2011 22:00:00,1.29929,1.3131,1.29921,1.30801
12/21/2011 22:00:00,1.308,1.31967,1.30242,1.30446
12/22/2011 22:00:00,1.30445,1.31185,1.30162,1.30466
12/25/2011 22:00:00,1.3048,1.30954,1.30251,1.3057
12/26/2011 22:00:00,1.3057,1.30816,1.30447,1.3057
12/27/2011 22:00:00,1.30536,1.30824,1.30401,1.30654
12/28/2011 22:00:00,1.30656,1.30796,1.29109,1.29396
12/29/2011 22:00:00,1.29401,1.2964,1.28572,1.29595
1/1/2012 22:00:00,1.29596,1.2998,1.2903,1.29475
1/2/2012 22:00:00,1.2929,1.29698,1.29166,1.29325
1/3/2012 22:00:00,1.29326,1.30761,1.29307,1.30516
1/4/2012 22:00:00,1.30546,1.30721,1.28967,1.29385
1/5/2012 22:00:00,1.29382,1.29456,1.27693,1.27855
1/8/2012 22:00:00,1.27848,1.28119,1.26962,1.27158
1/9/2012 22:00:00,1.26926,1.27844,1.26655,1.27633
1/10/2012 22:00:00,1.27627,1.28175,1.27419,1.27757
1/11/2012 22:00:00,1.27755,1.2789,1.26607,1.27044
1/12/2012 22:00:00,1.27051,1.28442,1.26984,1.28127
1/15/2012 22:00:00,1.28121,1.28773,1.26228,1.26738
1/16/2012 22:00:00,1.26321,1.26872,1.26253,1.26657
1/17/2012 22:00:00,1.26656,1.28085,1.26488,1.27345
1/18/2012 22:00:00,1.27362,1.28677,1.27338,1.28631
1/19/2012 22:00:00,1.2863,1.29708,1.28387,1.29681
1/22/2012 22:00:00,1.29677,1.29857,1.28866,1.29303
1/23/2012 22:00:00,1.28783,1.3052,1.28757,1.30146
1/24/2012 22:00:00,1.30151,1.30623,1.29531,1.30349
1/25/2012 22:00:00,1.30348,1.312,1.29306,1.31056
1/26/2012 22:00:00,1.31055,1.31835,1.30896,1.31081
1/29/2012 22:00:00,1.31074,1.32337,1.30771,1.32186
1/30/2012 22:00:00,1.32252,1.32262,1.30763,1.31428
1/31/2012 22:00:00,1.31427,1.32136,1.30413,1.30828
2/1/2012 22:00:00,1.30829,1.32178,1.30255,1.31597
2/2/2012 22:00:00,1.31599,1.3196,1.3085,1.31432
2/5/2012 22:00:00,1.31432,1.32025,1.30656,1.31549
2/6/2012 22:00:00,1.31164,1.31408,1.30274,1.31296
2/7/2012 22:00:00,1.31294,1.32697,1.30888,1.32598
2/8/2012 22:00:00,1.32599,1.32881,1.32208,1.32599
2/9/2012 22:00:00,1.32592,1.3321,1.32148,1.32849
2/12/2012 22:00:00,1.32849,1.32904,1.3155,1.31952
2/13/2012 22:00:00,1.32081,1.32837,1.31857,1.31857
2/14/2012 22:00:00,1.31857,1.32156,1.30797,1.31333
2/15/2012 22:00:00,1.31322,1.31903,1.30435,1.30651
2/16/2012 22:00:00,1.30654,1.31588,1.29743,1.31296
2/19/2012 22:00:00,1.31296,1.31975,1.31149,1.31386
2/20/2012 22:00:00,1.31802,1.32763,1.31728,1.32422
2/21/2012 22:00:00,1.32429,1.32927,1.31865,1.32316
2/22/2012 22:00:00,1.32321,1.32663,1.32109,1.32476
2/23/2012 22:00:00,1.32471,1.33779,1.32308,1.33721
2/26/2012 22:00:00,1.33721,1.34859,1.33568,1.34638
2/27/2012 22:00:00,1.34638,1.34792,1.33659,1.33965
2/28/2012 22:00:00,1.33965,1.34708,1.33888,1.34576
2/29/2012 22:00:00,1.34579,1.34852,1.33144,1.33236
3/1/2012 22:00:00,1.33231,1.33558,1.32816,1.33102
3/4/2012 22:00:00,1.33096,1.33321,1.31867,1.31969
3/5/2012 22:00:00,1.31916,1.3241,1.31597,1.32163
3/6/2012 22:00:00,1.32162,1.32256,1.31029,1.31124
3/7/2012 22:00:00,1.31119,1.31636,1.3096,1.3148
3/8/2012 22:00:00,1.31482,1.32907,1.31346,1.32739
3/11/2012 21:00:00,1.32735,1.32772,1.30962,1.31224
3/12/2012 21:00:00,1.31141,1.31582,1.30785,1.31548
3/13/2012 21:00:00,1.3154,1.31909,1.30516,1.3083
3/14/2012 21:00:00,1.30828,1.30898,1.30107,1.30313
3/15/2012 21:00:00,1.30316,1.31191,1.30036,1.30794
3/18/2012 21:00:00,1.30802,1.31865,1.30487,1.31723
3/19/2012 21:00:00,1.31785,1.32649,1.31414,1.32387
3/20/2012 21:00:00,1.32382,1.32516,1.31717,1.32248
3/21/2012 21:00:00,1.32233,1.32846,1.31783,1.32149
3/22/2012 21:00:00,1.32146,1.32541,1.31334,1.31996
3/25/2012 21:00:00,1.31995,1.32931,1.31896,1.32707
3/26/2012 21:00:00,1.32707,1.33673,1.31915,1.33585
3/27/2012 21:00:00,1.33581,1.33851,1.33124,1.33133
3/28/2012 21:00:00,1.33129,1.33732,1.3277,1.33164
3/29/2012 21:00:00,1.33162,1.33451,1.32513,1.3301
4/1/2012 21:00:00,1.33009,1.33759,1.32937,1.33598
4/2/2012 21:00:00,1.33598,1.338,1.32779,1.33197
4/3/2012 21:00:00,1.33193,1.33671,1.32129,1.32327
4/4/2012 21:00:00,1.32326,1.32387,1.31068,1.31417
4/5/2012 21:00:00,1.31416,1.31638,1.30348,1.30652
4/8/2012 21:00:00,1.3065,1.3112,1.30486,1.31018
4/9/2012 21:00:00,1.31018,1.31333,1.30324,1.31051
4/10/2012 21:00:00,1.31047,1.31439,1.30537,1.30811
4/11/2012 21:00:00,1.30812,1.31566,1.3066,1.31086
4/12/2012 21:00:00,1.31087,1.32121,1.31017,1.31865
4/15/2012 21:00:00,1.31866,1.32004,1.30661,1.30661
4/16/2012 21:00:00,1.30663,1.31473,1.29944,1.31411
4/17/2012 21:00:00,1.31387,1.31721,1.309,1.31254
4/18/2012 21:00:00,1.31268,1.31406,1.30574,1.31221
4/19/2012 21:00:00,1.31221,1.31649,1.30691,1.31369
4/22/2012 21:00:00,1.3137,1.32268,1.31282,1.32173
4/23/2012 21:00:00,1.31836,1.32099,1.31042,1.31557
4/24/2012 21:00:00,1.31548,1.32178,1.31445,1.31961
4/25/2012 21:00:00,1.31959,1.32332,1.3173,1.3216
4/26/2012 21:00:00,1.3216,1.32624,1.31981,1.32168
4/29/2012 21:00:00,1.32184,1.32696,1.31568,1.32505
4/30/2012 21:00:00,1.32366,1.32663,1.32076,1.32384
5/1/2012 21:00:00,1.32381,1.32834,1.32038,1.32359
5/2/2012 21:00:00,1.32365,1.32409,1.31216,1.31578
5/3/2012 21:00:00,1.31578,1.31798,1.30948,1.31521
5/6/2012 21:00:00,1.31516,1.31781,1.30797,1.30831
5/7/2012 21:00:00,1.3012,1.30653,1.29546,1.305
5/8/2012 21:00:00,1.30506,1.30649,1.29822,1.30053
5/9/2012 21:00:00,1.30054,1.3007,1.29111,1.29288
5/10/2012 21:00:00,1.2929,1.29788,1.29237,1.29351
5/13/2012 21:00:00,1.29349,1.29571,1.29046,1.29163
5/14/2012 21:00:00,1.29004,1.29039,1.2821,1.2822
5/15/2012 21:00:00,1.28222,1.28688,1.27213,1.27287
5/16/2012 21:00:00,1.27287,1.27585,1.26809,1.27154
5/17/2012 21:00:00,1.27155,1.27488,1.26666,1.26973
5/20/2012 21:00:00,1.26973,1.27939,1.26418,1.27772
5/21/2012 21:00:00,1.27636,1.2824,1.27247,1.28167
5/22/2012 21:00:00,1.28165,1.2817,1.26577,1.2683
5/23/2012 21:00:00,1.26831,1.26879,1.2545,1.25817
5/24/2012 21:00:00,1.25846,1.26196,1.25153,1.25317
5/27/2012 21:00:00,1.25316,1.26021,1.24957,1.25157
5/28/2012 21:00:00,1.25752,1.26239,1.25245,1.25407
5/29/2012 21:00:00,1.25409,1.25741,1.24608,1.25019
5/30/2012 21:00:00,1.25022,1.25049,1.23611,1.23658
5/31/2012 21:00:00,1.23656,1.24281,1.23362,1.23651
6/3/2012 21:00:00,1.23647,1.24595,1.22879,1.24323
6/4/2012 21:00:00,1.24168,1.25092,1.23857,1.24989
6/5/2012 21:00:00,1.24983,1.2542,1.24096,1.24516
6/6/2012 21:00:00,1.24515,1.25851,1.24404,1.25806
6/7/2012 21:00:00,1.25805,1.26249,1.25397,1.25595
6/10/2012 21:00:00,1.25592,1.25743,1.2435,1.25161
6/11/2012 21:00:00,1.26393,1.26683,1.24803,1.24827
6/12/2012 21:00:00,1.24821,1.25289,1.24422,1.25027
6/13/2012 21:00:00,1.25026,1.26101,1.24732,1.25563
6/14/2012 21:00:00,1.25565,1.26369,1.25417,1.26322
6/17/2012 21:00:00,1.26324,1.26643,1.25917,1.26377
6/18/2012 21:00:00,1.26948,1.27472,1.25569,1.2575
6/19/2012 21:00:00,1.25748,1.27301,1.25685,1.26846
6/20/2012 21:00:00,1.26847,1.27428,1.26378,1.27068
6/21/2012 21:00:00,1.27055,1.27073,1.25312,1.254
6/24/2012 21:00:00,1.25397,1.2583,1.25193,1.25714
6/25/2012 21:00:00,1.25462,1.25589,1.24709,1.25032
6/26/2012 21:00:00,1.25031,1.25302,1.24415,1.2491
6/27/2012 21:00:00,1.24903,1.25079,1.24451,1.24686
6/28/2012 21:00:00,1.24678,1.25238,1.24072,1.24431
7/1/2012 21:00:00,1.24425,1.26925,1.24323,1.26598
7/2/2012 21:00:00,1.26766,1.26801,1.2568,1.25764
7/3/2012 21:00:00,1.25769,1.26272,1.25588,1.26076
7/4/2012 21:00:00,1.26074,1.2608,1.25083,1.25253
7/5/2012 21:00:00,1.25257,1.25387,1.23638,1.23911
7/8/2012 21:00:00,1.23904,1.24015,1.22601,1.22889
7/9/2012 21:00:00,1.22617,1.23243,1.2256,1.23124
7/10/2012 21:00:00,1.23123,1.23339,1.22354,1.22496
7/11/2012 21:00:00,1.22497,1.22971,1.22129,1.22386
7/12/2012 21:00:00,1.22384,1.22484,1.21674,1.2203
7/15/2012 21:00:00,1.22029,1.22566,1.21626,1.22468
7/16/2012 21:00:00,1.22684,1.22904,1.21755,1.22725
7/17/2012 21:00:00,1.22722,1.23167,1.2189,1.22938
7/18/2012 21:00:00,1.22942,1.23063,1.2217,1.22835
7/19/2012 21:00:00,1.22823,1.23244,1.22293,1.22803
7/22/2012 21:00:00,1.22806,1.22829,1.21443,1.21615
7/23/2012 21:00:00,1.21208,1.21448,1.20673,1.21167
7/24/2012 21:00:00,1.21161,1.2138,1.20422,1.20592
7/25/2012 21:00:00,1.20578,1.21706,1.20535,1.21565
7/26/2012 21:00:00,1.21578,1.23295,1.21176,1.22828
7/29/2012 21:00:00,1.22826,1.23899,1.22418,1.23197
7/30/2012 21:00:00,1.22984,1.23104,1.22254,1.22603
7/31/2012 21:00:00,1.22601,1.23301,1.2249,1.2303
8/1/2012 21:00:00,1.23039,1.23366,1.2218,1.22252
8/2/2012 21:00:00,1.22251,1.24056,1.2134,1.21802
8/5/2012 21:00:00,1.21802,1.23924,1.21665,1.23867
8/6/2012 21:00:00,1.23977,1.24434,1.23418,1.24002
8/7/2012 21:00:00,1.24002,1.24419,1.2376,1.23987
8/8/2012 21:00:00,1.23988,1.24024,1.23268,1.23651
8/9/2012 21:00:00,1.23647,1.23872,1.22671,1.23058
8/12/2012 21:00:00,1.23054,1.2317,1.22415,1.22878
8/13/2012 21:00:00,1.22902,1.23736,1.22609,1.23318
8/14/2012 21:00:00,1.23317,1.23857,1.23171,1.23217
8/15/2012 21:00:00,1.23218,1.23437,1.22641,1.22902
8/16/2012 21:00:00,1.22913,1.23727,1.22561,1.23554
8/19/2012 21:00:00,1.23555,1.23822,1.2289,1.23343
8/20/2012 21:00:00,1.23518,1.23687,1.22953,1.23449
8/21/2012 21:00:00,1.23448,1.24875,1.23378,1.24719
8/22/2012 21:00:00,1.24719,1.25381,1.24313,1.25286
8/23/2012 21:00:00,1.25286,1.25895,1.25236,1.25628
8/26/2012 21:00:00,1.25626,1.2568,1.24815,1.25122
8/27/2012 21:00:00,1.25121,1.25356,1.24902,1.24988
8/28/2012 21:00:00,1.24983,1.25767,1.24652,1.25643
8/29/2012 21:00:00,1.25642,1.25734,1.25188,1.25299
8/30/2012 21:00:00,1.25298,1.25638,1.24872,1.25059
9/2/2012 21:00:00,1.25062,1.26375,1.24937,1.25735
9/3/2012 21:00:00,1.25718,1.26111,1.25603,1.2592
9/4/2012 21:00:00,1.25919,1.26278,1.25551,1.25659
9/5/2012 21:00:00,1.25656,1.26245,1.25017,1.26001
9/6/2012 21:00:00,1.26003,1.26513,1.25614,1.26306
9/9/2012 21:00:00,1.26306,1.28172,1.26262,1.28169
9/10/2012 21:00:00,1.28087,1.28121,1.27558,1.27583
9/11/2012 21:00:00,1.27578,1.28712,1.27546,1.28546
9/12/2012 21:00:00,1.2855,1.29365,1.28174,1.2899
9/13/2012 21:00:00,1.28992,1.30017,1.2854,1.29884
9/16/2012 21:00:00,1.2988,1.31689,1.298,1.31278
9/17/2012 21:00:00,1.31192,1.31718,1.30834,1.31169
9/18/2012 21:00:00,1.31167,1.31205,1.30293,1.30477
9/19/2012 21:00:00,1.30467,1.3085,1.29934,1.30483
9/20/2012 21:00:00,1.30482,1.3059,1.29195,1.29683
9/23/2012 21:00:00,1.29683,1.30478,1.29556,1.2979
9/24/2012 21:00:00,1.29775,1.29903,1.28912,1.29301
9/25/2012 21:00:00,1.29301,1.29708,1.2886,1.2901
9/26/2012 21:00:00,1.28998,1.29128,1.28353,1.28728
9/27/2012 21:00:00,1.28733,1.29282,1.28288,1.29133
9/30/2012 21:00:00,1.29127,1.29597,1.28387,1.28577
10/1/2012 21:00:00,1.28449,1.29389,1.28037,1.28878
10/2/2012 21:00:00,1.28877,1.29679,1.28804,1.2919
10/3/2012 21:00:00,1.29187,1.2937,1.28774,1.29052
10/4/2012 21:00:00,1.29051,1.30314,1.29009,1.30175
10/7/2012 21:00:00,1.30174,1.30715,1.2994,1.30337
10/8/2012 21:00:00,1.30241,1.30254,1.29378,1.29676
10/9/2012 21:00:00,1.29666,1.2991,1.28589,1.2885
10/10/2012 21:00:00,1.28848,1.29133,1.28352,1.28736
10/11/2012 21:00:00,1.28736,1.29517,1.28256,1.29268
10/14/2012 21:00:00,1.29269,1.29916,1.29225,1.2953
10/15/2012 21:00:00,1.29537,1.29788,1.28907,1.29488
10/16/2012 21:00:00,1.29484,1.30608,1.29428,1.30532
10/17/2012 21:00:00,1.30531,1.31396,1.30527,1.31183
10/18/2012 21:00:00,1.31183,1.31287,1.30558,1.30662
10/21/2012 21:00:00,1.30662,1.30772,1.30131,1.30222
10/22/2012 21:00:00,1.3021,1.30834,1.30156,1.30592
10/23/2012 21:00:00,1.30591,1.30756,1.29521,1.29864
10/24/2012 21:00:00,1.29862,1.29967,1.29205,1.29726
10/25/2012 21:00:00,1.29712,1.30231,1.29271,1.29336
10/28/2012 21:00:00,1.29336,1.29561,1.28826,1.29408
10/29/2012 21:00:00,1.29432,1.29436,1.28852,1.29033
10/30/2012 21:00:00,1.29034,1.29835,1.28861,1.29609
10/31/2012 21:00:00,1.29611,1.30206,1.29466,1.29597
11/1/2012 21:00:00,1.29596,1.29826,1.29248,1.29423
11/4/2012 22:00:00,1.29421,1.29505,1.28214,1.2832
11/5/2012 22:00:00,1.28167,1.28424,1.27675,1.27957
11/6/2012 22:00:00,1.27962,1.28266,1.27636,1.2814
11/7/2012 22:00:00,1.28132,1.28762,1.27365,1.27707
11/8/2012 22:00:00,1.27686,1.27806,1.27168,1.27464
11/11/2012 22:00:00,1.27481,1.279,1.26899,1.27086
11/12/2012 22:00:00,1.27114,1.27391,1.26976,1.27091
11/13/2012 22:00:00,1.27092,1.27283,1.2661,1.27037
11/14/2012 22:00:00,1.27012,1.27787,1.27005,1.27346
11/15/2012 22:00:00,1.27327,1.2802,1.27174,1.27805
11/18/2012 22:00:00,1.27797,1.2785,1.26905,1.27415
11/19/2012 22:00:00,1.2748,1.28202,1.27402,1.28127
11/20/2012 22:00:00,1.28142,1.28294,1.27648,1.28168
11/21/2012 22:00:00,1.28174,1.28336,1.27362,1.2829
11/22/2012 22:00:00,1.28279,1.28989,1.28263,1.28825
11/25/2012 22:00:00,1.28811,1.29908,1.28684,1.29692
11/26/2012 22:00:00,1.29667,1.29845,1.29441,1.29714
11/27/2012 22:00:00,1.29856,1.30087,1.29155,1.29422
11/28/2012 22:00:00,1.29441,1.29544,1.28802,1.29522
11/29/2012 22:00:00,1.29553,1.30136,1.29392,1.29788
12/2/2012 22:00:00,1.2978,1.30279,1.29682,1.29857
12/3/2012 22:00:00,1.29829,1.30758,1.29829,1.30525
12/4/2012 22:00:00,1.30548,1.31084,1.30459,1.30938
12/5/2012 22:00:00,1.30935,1.31267,1.30602,1.30672
12/6/2012 22:00:00,1.30671,1.30865,1.29504,1.29666
12/9/2012 22:00:00,1.29663,1.29739,1.28767,1.29249
12/10/2012 22:00:00,1.28895,1.29464,1.28859,1.29405
12/11/2012 22:00:00,1.29398,1.30151,1.29288,1.3005
12/12/2012 22:00:00,1.30031,1.30975,1.29958,1.30735
12/13/2012 22:00:00,1.30726,1.31003,1.3041,1.30768
12/16/2012 22:00:00,1.30772,1.31732,1.30664,1.31612
12/17/2012 22:00:00,1.31777,1.31885,1.31441,1.31634
12/18/2012 22:00:00,1.31633,1.32385,1.31555,1.32282
12/19/2012 22:00:00,1.32273,1.33081,1.32231,1.32263
12/20/2012 22:00:00,1.32266,1.32951,1.31885,1.3244
12/23/2012 22:00:00,1.32449,1.32522,1.31587,1.3186
12/25/2012 22:00:00,1.31737,1.32336,1.31713,1.31831
12/26/2012 22:00:00,1.31805,1.32541,1.31703,1.3224
12/27/2012 22:00:00,1.3223,1.32837,1.32015,1.32353
12/30/2012 22:00:00,1.3233,1.32566,1.3166,1.32155
1/1/2013 22:00:00,1.32114,1.32351,1.31722,1.3183
1/2/2013 22:00:00,1.32037,1.32993,1.31563,1.31859
1/3/2013 22:00:00,1.31867,1.31905,1.30467,1.30487
1/6/2013 22:00:00,1.30486,1.30895,1.29974,1.30678
1/7/2013 22:00:00,1.30736,1.31194,1.30168,1.31161
1/8/2013 22:00:00,1.3116,1.31398,1.30564,1.30809
1/9/2013 22:00:00,1.3081,1.3096,1.30368,1.30639
1/10/2013 22:00:00,1.3064,1.3273,1.30388,1.32715
1/13/2013 22:00:00,1.32713,1.33658,1.32485,1.33418
1/14/2013 22:00:00,1.33612,1.34039,1.33363,1.33814
1/15/2013 22:00:00,1.3381,1.33936,1.32637,1.3305
1/16/2013 22:00:00,1.33044,1.33248,1.32566,1.32888
1/17/2013 22:00:00,1.32885,1.33875,1.32698,1.33761
1/20/2013 22:00:00,1.33744,1.33981,1.32804,1.33195
1/21/2013 22:00:00,1.3309,1.33322,1.33002,1.33124
1/22/2013 22:00:00,1.33123,1.33715,1.32669,1.33217
1/23/2013 22:00:00,1.33216,1.33546,1.32646,1.33175
1/24/2013 22:00:00,1.33174,1.33926,1.32862,1.33762
1/27/2013 22:00:00,1.33756,1.34789,1.33497,1.3463
1/28/2013 22:00:00,1.34657,1.34772,1.34246,1.34549
1/29/2013 22:00:00,1.34551,1.34972,1.34143,1.34906
1/30/2013 22:00:00,1.34904,1.35874,1.34822,1.35664
1/31/2013 22:00:00,1.3566,1.35944,1.35412,1.35772
2/3/2013 22:00:00,1.35767,1.37112,1.35727,1.36395
2/4/2013 22:00:00,1.36507,1.36597,1.35053,1.3513
2/5/2013 22:00:00,1.35141,1.35974,1.34583,1.3583
2/6/2013 22:00:00,1.35827,1.3596,1.34935,1.35212
2/7/2013 22:00:00,1.35209,1.35776,1.33705,1.33968
2/10/2013 22:00:00,1.33966,1.34291,1.33533,1.33635
2/11/2013 22:00:00,1.33666,1.34274,1.33572,1.34056
2/12/2013 22:00:00,1.34063,1.34756,1.33639,1.34535
2/13/2013 22:00:00,1.34531,1.352,1.34263,1.3451
2/14/2013 22:00:00,1.34506,1.34556,1.3315,1.33629
2/17/2013 22:00:00,1.33634,1.33932,1.33063,1.33611
2/18/2013 22:00:00,1.33479,1.33792,1.33215,1.33507
2/19/2013 22:00:00,1.33504,1.33959,1.33288,1.33879
2/20/2013 22:00:00,1.33877,1.34317,1.32711,1.3281
2/21/2013 22:00:00,1.32811,1.32899,1.3161,1.3189
2/24/2013 22:00:00,1.31888,1.3245,1.31452,1.31921
2/25/2013 22:00:00,1.32139,1.33189,1.30475,1.30618
2/26/2013 22:00:00,1.30616,1.31224,1.30182,1.30606
2/27/2013 22:00:00,1.30607,1.31468,1.30413,1.31385
2/28/2013 22:00:00,1.31386,1.31619,1.30532,1.30562
3/3/2013 22:00:00,1.30558,1.31011,1.29666,1.30267
3/4/2013 22:00:00,1.30122,1.30311,1.29822,1.30263
3/5/2013 22:00:00,1.30255,1.30753,1.30102,1.30509
3/6/2013 22:00:00,1.30508,1.30706,1.29652,1.29665
3/7/2013 22:00:00,1.29666,1.31185,1.2966,1.31065
3/10/2013 21:00:00,1.31068,1.31343,1.29552,1.30045
3/11/2013 21:00:00,1.29963,1.30537,1.29793,1.30456
3/12/2013 21:00:00,1.30449,1.30744,1.2991,1.30335
3/13/2013 21:00:00,1.30334,1.30647,1.29232,1.29605
3/14/2013 21:00:00,1.29594,1.30326,1.29114,1.30045
3/15/2013 21:00:00,1.30044,1.31071,1.29994,1.30761
3/17/2013 21:00:00,1.30748,1.3075,1.30748,1.3075
3/18/2013 21:00:00,1.29197,1.29957,1.2882,1.29558
3/19/2013 21:00:00,1.29554,1.29699,1.28437,1.28812
3/20/2013 21:00:00,1.28804,1.29784,1.28567,1.29323
3/21/2013 21:00:00,1.29324,1.29551,1.28796,1.2898
3/22/2013 21:00:00,1.28982,1.30099,1.28884,1.29872
3/24/2013 21:00:00,1.2988,1.2988,1.2988,1.2988
3/25/2013 21:00:00,1.29646,1.30481,1.28295,1.28524
3/26/2013 21:00:00,1.28523,1.28896,1.28281,1.28605
3/27/2013 21:00:00,1.28604,1.28669,1.27514,1.278
3/28/2013 21:00:00,1.27799,1.28445,1.27554,1.28157
3/31/2013 21:00:00,1.28156,1.28368,1.2793,1.28163
4/1/2013 21:00:00,1.28025,1.28679,1.27713,1.28481
4/2/2013 21:00:00,1.2848,1.28775,1.28089,1.28186
4/3/2013 21:00:00,1.28191,1.28647,1.27899,1.28488
4/4/2013 21:00:00,1.28491,1.29489,1.27453,1.29359
4/7/2013 21:00:00,1.2936,1.30397,1.29005,1.29904
4/8/2013 21:00:00,1.29727,1.3038,1.29684,1.30078
4/9/2013 21:00:00,1.30079,1.31031,1.30049,1.30819
4/10/2013 21:00:00,1.30821,1.31218,1.30524,1.30697
4/11/2013 21:00:00,1.30696,1.31383,1.30437,1.31001
4/14/2013 21:00:00,1.3099,1.31269,1.30376,1.31092
4/15/2013 21:00:00,1.31136,1.31148,1.30215,1.30333
4/16/2013 21:00:00,1.30338,1.32015,1.3028,1.31761
4/17/2013 21:00:00,1.3176,1.31998,1.30015,1.30307
4/18/2013 21:00:00,1.30313,1.30962,1.30209,1.30497
4/21/2013 21:00:00,1.30496,1.31287,1.30455,1.30517
4/22/2013 21:00:00,1.30767,1.30841,1.30152,1.30669
4/23/2013 21:00:00,1.30665,1.3084,1.29729,1.29984
4/24/2013 21:00:00,1.29937,1.3034,1.2954,1.30145
4/25/2013 21:00:00,1.30141,1.30934,1.29888,1.30109
4/28/2013 21:00:00,1.30107,1.30476,1.29906,1.30283
4/29/2013 21:00:00,1.30489,1.31164,1.30317,1.30976
4/30/2013 21:00:00,1.31004,1.31859,1.30542,1.31669
5/1/2013 21:00:00,1.31664,1.32427,1.31604,1.31784
5/2/2013 21:00:00,1.31814,1.32183,1.30374,1.30644
5/5/2013 21:00:00,1.30628,1.31593,1.30334,1.3113
5/6/2013 21:00:00,1.31201,1.31408,1.30536,1.3076
5/7/2013 21:00:00,1.30755,1.3132,1.30678,1.30774
5/8/2013 21:00:00,1.30782,1.31942,1.30717,1.31518
5/9/2013 21:00:00,1.31562,1.31771,1.30103,1.30415
5/12/2013 21:00:00,1.30379,1.30509,1.29353,1.29874
5/13/2013 21:00:00,1.29706,1.29996,1.29417,1.29739
5/14/2013 21:00:00,1.29717,1.30291,1.29115,1.29194
5/15/2013 21:00:00,1.29259,1.29424,1.28431,1.28853
5/16/2013 21:00:00,1.28858,1.29299,1.28463,1.28814
5/19/2013 21:00:00,1.28783,1.28896,1.27964,1.28369
5/20/2013 21:00:00,1.28418,1.29008,1.28194,1.28819
5/21/2013 21:00:00,1.28829,1.29335,1.28413,1.29059
5/22/2013 21:00:00,1.29055,1.2998,1.28335,1.28582
5/23/2013 21:00:00,1.28583,1.29566,1.28214,1.2933
5/26/2013 21:00:00,1.29325,1.29932,1.29043,1.29273
5/27/2013 21:00:00,1.29324,1.29485,1.29153,1.2928
5/28/2013 21:00:00,1.29297,1.29497,1.28494,1.28551
5/29/2013 21:00:00,1.28556,1.29775,1.28379,1.29386
5/30/2013 21:00:00,1.29394,1.30614,1.29334,1.30484
6/2/2013 21:00:00,1.30488,1.30594,1.29442,1.29954
6/3/2013 21:00:00,1.29938,1.31075,1.29554,1.30757
6/4/2013 21:00:00,1.30743,1.31014,1.30421,1.30807
6/5/2013 21:00:00,1.30792,1.3116,1.30531,1.30907
6/6/2013 21:00:00,1.30909,1.33054,1.30751,1.32449
6/9/2013 21:00:00,1.32443,1.32848,1.31919,1.32148
6/10/2013 21:00:00,1.31891,1.32692,1.31774,1.32568
6/11/2013 21:00:00,1.32568,1.33174,1.32322,1.33131
6/12/2013 21:00:00,1.33105,1.33591,1.32656,1.33366
6/13/2013 21:00:00,1.33339,1.339,1.32786,1.33751
6/16/2013 21:00:00,1.33724,1.33755,1.32947,1.3344
6/17/2013 21:00:00,1.33476,1.33814,1.33184,1.33656
6/18/2013 21:00:00,1.33652,1.34156,1.33258,1.33921
6/19/2013 21:00:00,1.33925,1.34164,1.3262,1.32939
6/20/2013 21:00:00,1.32946,1.33014,1.31613,1.32188
6/23/2013 21:00:00,1.32209,1.32541,1.30987,1.31207
6/24/2013 21:00:00,1.30908,1.31439,1.30588,1.31181
6/25/2013 21:00:00,1.3122,1.31507,1.3065,1.30763
6/26/2013 21:00:00,1.3082,1.30872,1.29847,1.30116
6/27/2013 21:00:00,1.30137,1.30571,1.30001,1.30378
6/30/2013 21:00:00,1.30337,1.31027,1.29913,1.30088
7/1/2013 21:00:00,1.30111,1.30667,1.30052,1.30631
7/2/2013 21:00:00,1.30629,1.30781,1.29637,1.29781
7/3/2013 21:00:00,1.29805,1.30323,1.29231,1.30094
7/4/2013 21:00:00,1.30094,1.30233,1.28831,1.29134
7/7/2013 21:00:00,1.2914,1.29168,1.28061,1.28292
7/8/2013 21:00:00,1.28113,1.28818,1.2811,1.28697
7/9/2013 21:00:00,1.28671,1.28982,1.27554,1.27804
7/10/2013 21:00:00,1.27842,1.29844,1.27649,1.29758
7/11/2013 21:00:00,1.29675,1.32064,1.29659,1.30965
7/14/2013 21:00:00,1.30969,1.30999,1.29995,1.30659
7/15/2013 21:00:00,1.3075,1.30789,1.29934,1.30616
7/16/2013 21:00:00,1.30601,1.31743,1.30508,1.31618
7/17/2013 21:00:00,1.31605,1.31779,1.30832,1.31247
7/18/2013 21:00:00,1.31218,1.31272,1.30665,1.31088
7/21/2013 21:00:00,1.31097,1.31547,1.30892,1.31419
7/22/2013 21:00:00,1.31369,1.3218,1.31345,1.31844
7/23/2013 21:00:00,1.31846,1.32387,1.31635,1.32223
7/24/2013 21:00:00,1.32245,1.32562,1.31767,1.32004
7/25/2013 21:00:00,1.31984,1.32958,1.31656,1.32768
7/28/2013 21:00:00,1.3276,1.32969,1.32526,1.32766
7/29/2013 21:00:00,1.32804,1.32951,1.32392,1.32615
7/30/2013 21:00:00,1.32637,1.33018,1.32343,1.32618
7/31/2013 21:00:00,1.32625,1.33446,1.32089,1.33013
8/1/2013 21:00:00,1.32988,1.3311,1.31936,1.32055
8/4/2013 21:00:00,1.32092,1.3294,1.31861,1.32797
8/5/2013 21:00:00,1.3279,1.33003,1.32327,1.3258
8/6/2013 21:00:00,1.3258,1.3323,1.32461,1.33042
8/7/2013 21:00:00,1.33039,1.33454,1.32656,1.33354
8/8/2013 21:00:00,1.33371,1.34005,1.33279,1.33802
8/11/2013 21:00:00,1.33819,1.33904,1.33327,1.33394
8/12/2013 21:00:00,1.33263,1.33439,1.32774,1.32991
8/13/2013 21:00:00,1.32984,1.33171,1.32334,1.32615
8/14/2013 21:00:00,1.3263,1.32804,1.32389,1.32542
8/15/2013 21:00:00,1.32544,1.33629,1.32057,1.33466
8/18/2013 21:00:00,1.33483,1.33799,1.33109,1.33284
8/19/2013 21:00:00,1.33323,1.33747,1.33152,1.33341
8/20/2013 21:00:00,1.33373,1.34519,1.33234,1.34166
8/21/2013 21:00:00,1.34181,1.34269,1.33353,1.33541
8/22/2013 21:00:00,1.33518,1.33731,1.32981,1.33555
8/25/2013 21:00:00,1.33554,1.34097,1.33333,1.33791
8/26/2013 21:00:00,1.33824,1.33941,1.33565,1.33682
8/27/2013 21:00:00,1.33693,1.33988,1.33227,1.33922
8/28/2013 21:00:00,1.33917,1.33977,1.3305,1.33388
8/29/2013 21:00:00,1.3339,1.3343,1.32195,1.32407
9/1/2013 21:00:00,1.32406,1.32548,1.31743,1.32203
9/2/2013 21:00:00,1.32133,1.32272,1.31835,1.31912
9/3/2013 21:00:00,1.31937,1.3197,1.31384,1.31702
9/4/2013 21:00:00,1.31708,1.32179,1.3157,1.32066
9/5/2013 21:00:00,1.32072,1.3223,1.31104,1.31193
9/8/2013 21:00:00,1.31178,1.31894,1.31047,1.31774
9/9/2013 21:00:00,1.31677,1.32809,1.31649,1.32542
9/10/2013 21:00:00,1.32534,1.32759,1.32301,1.32674
9/11/2013 21:00:00,1.3268,1.33245,1.32439,1.33104
9/12/2013 21:00:00,1.33091,1.33248,1.32565,1.32991
9/15/2013 21:00:00,1.33003,1.33212,1.3254,1.32934
9/16/2013 21:00:00,1.33677,1.33855,1.33299,1.33336
9/17/2013 21:00:00,1.3336,1.33694,1.33251,1.33579
9/18/2013 21:00:00,1.33565,1.35417,1.33382,1.35214
9/19/2013 21:00:00,1.35224,1.35686,1.35009,1.35293
9/22/2013 21:00:00,1.35307,1.35487,1.3498,1.35225
9/23/2013 21:00:00,1.35459,1.35459,1.34794,1.34927
9/24/2013 21:00:00,1.34923,1.35188,1.34645,1.34734
9/25/2013 21:00:00,1.34719,1.35372,1.34619,1.35256
9/26/2013 21:00:00,1.35244,1.3532,1.34721,1.34884
9/29/2013 21:00:00,1.34881,1.35645,1.34743,1.35216
9/30/2013 21:00:00,1.34952,1.3556,1.34775,1.35254
10/1/2013 21:00:00,1.35271,1.35879,1.35168,1.35258
10/2/2013 21:00:00,1.35257,1.36069,1.35046,1.35782
10/3/2013 21:00:00,1.35819,1.36461,1.35774,1.36179
10/6/2013 21:00:00,1.36209,1.36318,1.35385,1.35565
10/7/2013 21:00:00,1.35646,1.35911,1.35427,1.35806
10/8/2013 21:00:00,1.35799,1.36072,1.35575,1.35732
10/9/2013 21:00:00,1.35731,1.36047,1.34855,1.35241
10/10/2013 21:00:00,1.35211,1.35467,1.34877,1.35195
10/11/2013 21:00:00,1.35196,1.35816,1.35176,1.35382
10/13/2013 21:00:00,1.35384,1.35384,1.35384,1.35384
10/14/2013 21:00:00,1.35607,1.35977,1.35455,1.35609
10/15/2013 21:00:00,1.35603,1.3571,1.34794,1.3523
10/16/2013 21:00:00,1.3526,1.35675,1.34729,1.35336
10/17/2013 21:00:00,1.35293,1.36818,1.35156,1.36755
10/20/2013 21:00:00,1.36769,1.37042,1.36593,1.36856
10/21/2013 21:00:00,1.36826,1.36886,1.3651,1.36794
10/22/2013 21:00:00,1.36794,1.3792,1.36624,1.3781
10/23/2013 21:00:00,1.3781,1.37929,1.37416,1.37753
10/24/2013 21:00:00,1.37769,1.38252,1.37645,1.38007
10/27/2013 21:00:00,1.37991,1.38323,1.37743,1.38022
10/28/2013 21:00:00,1.38066,1.38175,1.37751,1.37847
10/29/2013 21:00:00,1.37856,1.38133,1.37364,1.3745
10/30/2013 21:00:00,1.37451,1.37847,1.36958,1.37355
10/31/2013 21:00:00,1.37359,1.37386,1.35751,1.3583
11/3/2013 22:00:00,1.35829,1.35894,1.34801,1.34864
11/4/2013 22:00:00,1.3489,1.35243,1.3442,1.35137
11/5/2013 22:00:00,1.35144,1.35223,1.3449,1.34741
11/6/2013 22:00:00,1.34757,1.35474,1.34676,1.35124
11/7/2013 22:00:00,1.35133,1.35287,1.32955,1.34192
11/10/2013 22:00:00,1.34198,1.3438,1.33177,1.33646
11/11/2013 22:00:00,1.33578,1.34163,1.33446,1.34069
11/12/2013 22:00:00,1.34088,1.34562,1.33593,1.34352
11/13/2013 22:00:00,1.34358,1.34953,1.33901,1.34867
11/14/2013 22:00:00,1.34844,1.34974,1.34184,1.34588
11/17/2013 22:00:00,1.34581,1.3506,1.34322,1.34945
11/18/2013 22:00:00,1.34974,1.35417,1.34744,1.35053
11/19/2013 22:00:00,1.35054,1.35472,1.34878,1.35382
11/20/2013 22:00:00,1.35386,1.3579,1.34155,1.34383
11/21/2013 22:00:00,1.3438,1.34863,1.33994,1.34817
11/24/2013 22:00:00,1.34824,1.35581,1.34623,1.35576
11/25/2013 22:00:00,1.35492,1.356,1.34902,1.35158
11/26/2013 22:00:00,1.35165,1.35748,1.35155,1.35725
11/27/2013 22:00:00,1.35723,1.36129,1.35577,1.35792
11/28/2013 22:00:00,1.35772,1.36186,1.35636,1.36044
12/1/2013 22:00:00,1.3606,1.36216,1.35799,1.35903
12/2/2013 22:00:00,1.35907,1.36156,1.3526,1.35415
12/3/2013 22:00:00,1.35411,1.36138,1.35243,1.35895
12/4/2013 22:00:00,1.35863,1.3606,1.35285,1.35928
12/5/2013 22:00:00,1.35919,1.36773,1.35431,1.36674
12/8/2013 22:00:00,1.36667,1.37062,1.36197,1.37046
12/9/2013 22:00:00,1.37124,1.37457,1.36942,1.37386
12/10/2013 22:00:00,1.37391,1.37947,1.37338,1.37609
12/11/2013 22:00:00,1.37606,1.38108,1.37404,1.37857
12/12/2013 22:00:00,1.37863,1.38032,1.37376,1.37529
12/15/2013 22:00:00,1.37506,1.37691,1.3709,1.37382
12/16/2013 22:00:00,1.37291,1.37987,1.37287,1.37604
12/17/2013 22:00:00,1.37603,1.37822,1.37231,1.37677
12/18/2013 22:00:00,1.3766,1.38114,1.36744,1.36834
12/19/2013 22:00:00,1.36836,1.36939,1.36493,1.36609
12/22/2013 22:00:00,1.36614,1.37092,1.36251,1.36706
12/23/2013 22:00:00,1.36683,1.37166,1.36674,1.36958
12/25/2013 22:00:00,1.37007,1.37022,1.36549,1.36731
12/26/2013 22:00:00,1.36758,1.3702,1.36753,1.36905
12/29/2013 22:00:00,1.36904,1.38932,1.36869,1.37477
12/30/2013 22:00:00,1.3756,1.38188,1.37283,1.38019
1/1/2014 22:00:00,1.37988,1.38125,1.37597,1.37778
1/2/2014 22:00:00,1.37538,1.3775,1.36296,1.36718
1/5/2014 22:00:00,1.36696,1.36718,1.35823,1.35874
1/6/2014 22:00:00,1.35927,1.36531,1.35713,1.36278
1/7/2014 22:00:00,1.36285,1.36563,1.35967,1.36151
1/8/2014 22:00:00,1.36165,1.36351,1.35533,1.35754
1/9/2014 22:00:00,1.35755,1.3633,1.35483,1.36083
1/12/2014 22:00:00,1.3608,1.36871,1.35726,1.3667
1/13/2014 22:00:00,1.36738,1.36846,1.36374,1.36709
1/14/2014 22:00:00,1.36701,1.36993,1.36492,1.36787
1/15/2014 22:00:00,1.36779,1.36808,1.35812,1.36047
1/16/2014 22:00:00,1.36045,1.36495,1.3583,1.36193
1/19/2014 22:00:00,1.36186,1.3621,1.35169,1.35406
1/20/2014 22:00:00,1.35353,1.35678,1.35075,1.35513
1/21/2014 22:00:00,1.35577,1.35691,1.35165,1.35606
1/22/2014 22:00:00,1.35606,1.35837,1.35346,1.35474
1/23/2014 22:00:00,1.35463,1.36982,1.35304,1.36964
1/26/2014 22:00:00,1.36941,1.37396,1.36627,1.36747
1/27/2014 22:00:00,1.36761,1.37165,1.36531,1.36726
1/28/2014 22:00:00,1.36741,1.36884,1.36289,1.36707
1/29/2014 22:00:00,1.36685,1.36847,1.36031,1.36631
1/30/2014 22:00:00,1.36618,1.36653,1.35435,1.35546
2/2/2014 22:00:00,1.35544,1.35734,1.34791,1.34852
2/3/2014 22:00:00,1.34827,1.35356,1.34771,1.35247
2/4/2014 22:00:00,1.35276,1.35386,1.34934,1.35181
2/5/2014 22:00:00,1.3518,1.35554,1.34987,1.35332
2/6/2014 22:00:00,1.35327,1.36188,1.34829,1.35897
2/9/2014 22:00:00,1.35902,1.36431,1.35518,1.36349
2/10/2014 22:00:00,1.3617,1.36515,1.3617,1.36448
2/11/2014 22:00:00,1.36437,1.36831,1.36293,1.36379
2/12/2014 22:00:00,1.36374,1.36527,1.35621,1.3593
2/13/2014 22:00:00,1.35942,1.3692,1.3585,1.36793
2/16/2014 22:00:00,1.36802,1.37147,1.36736,1.3692
2/17/2014 22:00:00,1.37081,1.37242,1.36921,1.37062
2/18/2014 22:00:00,1.37067,1.37702,1.36945,1.37578
2/19/2014 22:00:00,1.37577,1.37732,1.37244,1.37329
2/20/2014 22:00:00,1.37361,1.37624,1.36859,1.37184
2/23/2014 22:00:00,1.37183,1.37585,1.37019,1.37388
2/24/2014 22:00:00,1.37344,1.37714,1.37083,1.37346
2/25/2014 22:00:00,1.37338,1.3767,1.37153,1.37449
2/26/2014 22:00:00,1.37452,1.37573,1.36616,1.36864
2/27/2014 22:00:00,1.3686,1.37268,1.36432,1.37098
3/2/2014 22:00:00,1.37094,1.38245,1.36941,1.38018
3/3/2014 22:00:00,1.37676,1.37926,1.37262,1.37345
3/4/2014 22:00:00,1.37353,1.37815,1.37205,1.37431
3/5/2014 22:00:00,1.37417,1.37494,1.37074,1.3733
3/6/2014 22:00:00,1.37334,1.38728,1.37212,1.38606
3/9/2014 21:00:00,1.38608,1.39151,1.38521,1.38757
3/10/2014 21:00:00,1.3875,1.38978,1.38615,1.38762
3/11/2014 21:00:00,1.38759,1.38788,1.38337,1.38598
3/12/2014 21:00:00,1.38596,1.39143,1.38435,1.39032
3/13/2014 21:00:00,1.39033,1.39668,1.38455,1.38687
3/16/2014 21:00:00,1.38661,1.39375,1.38475,1.39107
3/17/2014 21:00:00,1.39115,1.39476,1.38791,1.39218
3/18/2014 21:00:00,1.39232,1.39426,1.38796,1.3934
3/19/2014 21:00:00,1.39304,1.39343,1.38097,1.38325
3/20/2014 21:00:00,1.38276,1.3845,1.37492,1.37781
3/23/2014 21:00:00,1.37788,1.38108,1.37656,1.37924
3/24/2014 21:00:00,1.37946,1.38758,1.37603,1.38387
3/25/2014 21:00:00,1.38376,1.38469,1.37493,1.38263
3/26/2014 21:00:00,1.38247,1.38276,1.37764,1.37802
3/27/2014 21:00:00,1.37788,1.37968,1.37287,1.37403
3/30/2014 21:00:00,1.37404,1.3773,1.37048,1.37521
3/31/2014 21:00:00,1.37615,1.38087,1.37217,1.37692
4/1/2014 21:00:00,1.37686,1.38155,1.37686,1.37926
4/2/2014 21:00:00,1.37927,1.38202,1.37531,1.37669
4/3/2014 21:00:00,1.37671,1.38067,1.36981,1.37199
4/6/2014 21:00:00,1.37194,1.37313,1.36727,1.37026
4/7/2014 21:00:00,1.36988,1.37486,1.36899,1.37416
4/8/2014 21:00:00,1.37407,1.38115,1.37373,1.37968
4/9/2014 21:00:00,1.37956,1.38621,1.37798,1.38551
4/10/2014 21:00:00,1.3855,1.38992,1.38359,1.38859
4/13/2014 21:00:00,1.38861,1.39056,1.38633,1.38844
4/14/2014 21:00:00,1.38552,1.38629,1.38081,1.38208
4/15/2014 21:00:00,1.38204,1.38332,1.379,1.38142
4/16/2014 21:00:00,1.38143,1.38509,1.38037,1.38154
4/17/2014 21:00:00,1.38153,1.38644,1.38111,1.38134
4/20/2014 21:00:00,1.38151,1.38223,1.38067,1.3807
4/21/2014 21:00:00,1.38149,1.38306,1.3787,1.37929
4/22/2014 21:00:00,1.37938,1.38248,1.3785,1.38049
4/23/2014 21:00:00,1.38048,1.38547,1.38003,1.38165
4/24/2014 21:00:00,1.38166,1.38426,1.37914,1.38313
4/27/2014 21:00:00,1.38311,1.38482,1.38268,1.38333
4/28/2014 21:00:00,1.38433,1.38794,1.38147,1.38506
4/29/2014 21:00:00,1.38512,1.38791,1.38056,1.38117
4/30/2014 21:00:00,1.38121,1.38766,1.37741,1.38669
5/1/2014 21:00:00,1.38661,1.38891,1.38628,1.3869
5/2/2014 21:00:00,1.38691,1.38815,1.38121,1.3869
5/4/2014 21:00:00,1.38691,1.38691,1.38691,1.38691
5/5/2014 21:00:00,1.38823,1.38861,1.38644,1.38745
5/6/2014 21:00:00,1.38747,1.39512,1.3872,1.39271
5/7/2014 21:00:00,1.39276,1.39385,1.391,1.39101
5/8/2014 21:00:00,1.39099,1.39934,1.3833,1.38395
5/11/2014 21:00:00,1.3839,1.38443,1.37453,1.37578
5/12/2014 21:00:00,1.37556,1.37747,1.37493,1.37571
5/13/2014 21:00:00,1.37572,1.37715,1.36891,1.37029
5/14/2014 21:00:00,1.37012,1.37308,1.36979,1.37139
5/15/2014 21:00:00,1.37127,1.37326,1.36484,1.37093
5/16/2014 21:00:00,1.37091,1.3727,1.36853,1.36935
5/18/2014 21:00:00,1.36938,1.36938,1.36938,1.36938
5/19/2014 21:00:00,1.36951,1.37342,1.36948,1.37086
5/20/2014 21:00:00,1.37085,1.37137,1.3678,1.37009
5/21/2014 21:00:00,1.37011,1.37233,1.36344,1.36866
5/22/2014 21:00:00,1.36864,1.36876,1.36452,1.36555
5/25/2014 21:00:00,1.36556,1.36588,1.36156,1.36279
5/26/2014 21:00:00,1.36191,1.36543,1.36155,1.36454
5/27/2014 21:00:00,1.36454,1.36685,1.36126,1.36335
5/28/2014 21:00:00,1.36339,1.36377,1.35885,1.35907
5/29/2014 21:00:00,1.35915,1.36257,1.35861,1.36015
6/1/2014 21:00:00,1.36014,1.36503,1.35984,1.3633
6/2/2014 21:00:00,1.36351,1.36361,1.35882,1.35964
6/3/2014 21:00:00,1.35968,1.36479,1.35856,1.36273
6/4/2014 21:00:00,1.36277,1.36391,1.35964,1.35985
6/5/2014 21:00:00,1.35985,1.36698,1.35031,1.36602
6/8/2014 21:00:00,1.36614,1.36766,1.3621,1.36425
6/9/2014 21:00:00,1.36433,1.36689,1.35825,1.35936
6/10/2014 21:00:00,1.35918,1.36018,1.35334,1.35474
6/11/2014 21:00:00,1.35473,1.3557,1.35215,1.35311
6/12/2014 21:00:00,1.35332,1.35719,1.35122,1.35517
6/15/2014 21:00:00,1.35518,1.35789,1.3521,1.35376
6/16/2014 21:00:00,1.35386,1.35793,1.35129,1.35731
6/17/2014 21:00:00,1.35725,1.35872,1.35363,1.35465
6/18/2014 21:00:00,1.35449,1.35995,1.35417,1.35952
6/19/2014 21:00:00,1.35902,1.36433,1.35841,1.36077
6/22/2014 21:00:00,1.36063,1.36339,1.35643,1.35995
6/23/2014 21:00:00,1.35954,1.36133,1.3574,1.36042
6/24/2014 21:00:00,1.36029,1.36276,1.35833,1.36055
6/25/2014 21:00:00,1.36072,1.36512,1.36004,1.36284
6/26/2014 21:00:00,1.36291,1.36413,1.35758,1.36111
6/29/2014 21:00:00,1.36113,1.36504,1.36099,1.36482
6/30/2014 21:00:00,1.3644,1.36976,1.36402,1.36919
7/1/2014 21:00:00,1.36922,1.37005,1.36754,1.36789
7/2/2014 21:00:00,1.3679,1.36824,1.3642,1.3659
7/3/2014 21:00:00,1.36586,1.36643,1.35961,1.36098
7/6/2014 21:00:00,1.361,1.36111,1.35854,1.35943
7/7/2014 21:00:00,1.35954,1.36091,1.35759,1.36044
7/8/2014 21:00:00,1.36043,1.36173,1.3588,1.36117
7/9/2014 21:00:00,1.36121,1.36484,1.36022,1.36411
7/10/2014 21:00:00,1.3641,1.36506,1.35891,1.36085
7/13/2014 21:00:00,1.36084,1.36248,1.35919,1.36045
7/14/2014 21:00:00,1.36022,1.36402,1.35974,1.36188
7/15/2014 21:00:00,1.36186,1.36281,1.35619,1.3567
7/16/2014 21:00:00,1.35672,1.35724,1.35208,1.35248
7/17/2014 21:00:00,1.35247,1.35403,1.35165,1.3526
7/20/2014 21:00:00,1.3527,1.35359,1.34908,1.35238
7/21/2014 21:00:00,1.35277,1.3549,1.35129,1.35233
7/22/2014 21:00:00,1.35234,1.35295,1.34589,1.34653
7/23/2014 21:00:00,1.34655,1.34741,1.3455,1.34631
7/24/2014 21:00:00,1.34633,1.34847,1.3438,1.34636
7/27/2014 21:00:00,1.34635,1.34755,1.34212,1.34296
7/28/2014 21:00:00,1.34308,1.34438,1.34268,1.34396
7/29/2014 21:00:00,1.3438,1.34445,1.34042,1.34083
7/30/2014 21:00:00,1.34083,1.34153,1.33668,1.33968
7/31/2014 21:00:00,1.33958,1.34004,1.33715,1.33903
8/1/2014 21:00:00,1.33893,1.34447,1.33785,1.34268
8/2/2014 21:00:00,1.34227,1.34227,1.34227,1.34227
8/3/2014 21:00:00,1.34326,1.34326,1.34301,1.34319
8/4/2014 21:00:00,1.34312,1.34336,1.34094,1.34214
8/5/2014 21:00:00,1.34216,1.34247,1.33582,1.33759
8/6/2014 21:00:00,1.33757,1.33868,1.33332,1.3382
8/7/2014 21:00:00,1.33833,1.33937,1.33371,1.33632
8/8/2014 21:00:00,1.33629,1.34327,1.33434,1.34087
8/10/2014 21:00:00,1.34088,1.34088,1.34088,1.34088
8/11/2014 21:00:00,1.34075,1.34114,1.33804,1.33849
8/12/2014 21:00:00,1.33845,1.33861,1.3336,1.33688
8/13/2014 21:00:00,1.33691,1.34152,1.33422,1.3364
8/14/2014 21:00:00,1.33639,1.34077,1.33486,1.33645
8/17/2014 21:00:00,1.33644,1.34117,1.33587,1.33983
8/18/2014 21:00:00,1.33982,1.33991,1.33529,1.33632
8/19/2014 21:00:00,1.33634,1.33637,1.33131,1.33196
8/20/2014 21:00:00,1.33178,1.33243,1.32553,1.3259
8/21/2014 21:00:00,1.32592,1.32884,1.3242,1.32807
8/24/2014 21:00:00,1.32806,1.32966,1.32207,1.32415
8/25/2014 21:00:00,1.31981,1.32103,1.31837,1.31918
8/26/2014 21:00:00,1.31917,1.32146,1.31646,1.31673
8/27/2014 21:00:00,1.31681,1.321,1.31526,1.31926
8/28/2014 21:00:00,1.31933,1.32207,1.31597,1.31818
8/31/2014 21:00:00,1.31819,1.31961,1.31317,1.31322
9/1/2014 21:00:00,1.31269,1.31453,1.3119,1.31284
9/2/2014 21:00:00,1.31279,1.31366,1.31103,1.31327
9/3/2014 21:00:00,1.3133,1.31599,1.3122,1.31502
9/4/2014 21:00:00,1.315,1.31538,1.292,1.29432
9/7/2014 21:00:00,1.29433,1.29885,1.29219,1.29505
9/8/2014 21:00:00,1.29536,1.29589,1.28814,1.28944
9/9/2014 21:00:00,1.28941,1.29573,1.28594,1.29372
9/10/2014 21:00:00,1.29432,1.29628,1.28836,1.29167
9/11/2014 21:00:00,1.29168,1.29518,1.28971,1.29236
9/14/2014 21:00:00,1.29235,1.29794,1.29088,1.29628
9/15/2014 21:00:00,1.29722,1.29735,1.29086,1.29397
9/16/2014 21:00:00,1.29396,1.29949,1.29222,1.29594
9/17/2014 21:00:00,1.29593,1.29813,1.2852,1.28643
9/18/2014 21:00:00,1.28645,1.29303,1.28345,1.29217
9/19/2014 21:00:00,1.29214,1.29287,1.28278,1.28283
9/21/2014 21:00:00,1.28285,1.28285,1.28285,1.28285
9/22/2014 21:00:00,1.28334,1.28678,1.28162,1.28491
9/23/2014 21:00:00,1.28495,1.29012,1.28426,1.28464
9/24/2014 21:00:00,1.28463,1.28637,1.27741,1.27802
9/25/2014 21:00:00,1.27801,1.27834,1.26971,1.275
9/26/2014 21:00:00,1.27501,1.27605,1.26768,1.26822
9/28/2014 21:00:00,1.26809,1.26809,1.26809,1.26809
9/29/2014 21:00:00,1.26811,1.27149,1.26635,1.2685
9/30/2014 21:00:00,1.26861,1.27023,1.2571,1.26302
10/1/2014 21:00:00,1.26291,1.26395,1.25835,1.26223
10/2/2014 21:00:00,1.26181,1.26988,1.26138,1.26683
10/3/2014 21:00:00,1.26688,1.26746,1.25006,1.25147
10/5/2014 21:00:00,1.25149,1.25149,1.25149,1.25149
10/6/2014 21:00:00,1.25118,1.26749,1.25089,1.26546
10/7/2014 21:00:00,1.26532,1.26819,1.25836,1.26686
10/8/2014 21:00:00,1.26683,1.27487,1.26227,1.27337
10/9/2014 21:00:00,1.27373,1.27914,1.26643,1.26902
10/10/2014 21:00:00,1.26907,1.27159,1.26056,1.26272
10/12/2014 21:00:00,1.26269,1.26269,1.26269,1.26269
10/13/2014 21:00:00,1.2631,1.27611,1.26203,1.27511
10/14/2014 21:00:00,1.27499,1.27684,1.26401,1.26572
10/15/2014 21:00:00,1.2657,1.28871,1.26247,1.28376
10/16/2014 21:00:00,1.28329,1.28448,1.27058,1.28087
10/17/2014 21:00:00,1.28088,1.28368,1.27439,1.27595
10/19/2014 21:00:00,1.2759,1.2759,1.2759,1.2759
10/20/2014 21:00:00,1.27508,1.28169,1.27313,1.27999
10/21/2014 21:00:00,1.28008,1.28402,1.27145,1.2716
10/22/2014 21:00:00,1.27166,1.27396,1.26373,1.26483
10/23/2014 21:00:00,1.26486,1.26767,1.26138,1.26456
10/26/2014 21:00:00,1.26478,1.26958,1.26348,1.26701
10/27/2014 21:00:00,1.26724,1.27234,1.26658,1.26983
10/28/2014 21:00:00,1.26984,1.27648,1.26847,1.27341
10/29/2014 21:00:00,1.27342,1.27706,1.2631,1.26317
10/30/2014 21:00:00,1.26318,1.26395,1.25474,1.26129
10/31/2014 21:00:00,1.26128,1.26172,1.24858,1.25239
11/2/2014 22:00:00,1.25225,1.25225,1.25225,1.25225
11/3/2014 22:00:00,1.25083,1.25141,1.24395,1.24817
11/4/2014 22:00:00,1.2482,1.25775,1.24819,1.25461
11/5/2014 22:00:00,1.25453,1.2567,1.24572,1.24855
11/6/2014 22:00:00,1.24834,1.25334,1.23643,1.23745
11/9/2014 22:00:00,1.23739,1.24697,1.23578,1.24542
11/10/2014 22:00:00,1.24672,1.25092,1.24188,1.24204
11/11/2014 22:00:00,1.24213,1.24993,1.23942,1.24747
11/12/2014 22:00:00,1.24745,1.24978,1.24191,1.24377
11/13/2014 22:00:00,1.24365,1.24916,1.24263,1.24765
11/14/2014 22:00:00,1.24767,1.25462,1.23985,1.25252
11/16/2014 22:00:00,1.25251,1.25251,1.25251,1.25251
11/17/2014 22:00:00,1.25268,1.25774,1.2445,1.24498
11/18/2014 22:00:00,1.24492,1.25454,1.24434,1.25359
11/19/2014 22:00:00,1.25364,1.26003,1.25121,1.25536
11/20/2014 22:00:00,1.25542,1.25753,1.25043,1.25388
11/23/2014 22:00:00,1.25385,1.25681,1.23749,1.23908
11/24/2014 22:00:00,1.23645,1.24447,1.23626,1.24416
11/25/2014 22:00:00,1.24422,1.24871,1.24022,1.24743
11/26/2014 22:00:00,1.24737,1.25316,1.24435,1.25057
11/27/2014 22:00:00,1.2506,1.25236,1.24647,1.24668
11/30/2014 22:00:00,1.24667,1.24902,1.24263,1.24513
12/1/2014 22:00:00,1.24467,1.25066,1.24194,1.24695
12/2/2014 22:00:00,1.24688,1.2476,1.23769,1.23829
12/3/2014 22:00:00,1.2381,1.23907,1.23012,1.23105
12/4/2014 22:00:00,1.23106,1.24564,1.22789,1.23782
12/7/2014 22:00:00,1.23778,1.23929,1.2271,1.22818
12/8/2014 22:00:00,1.22834,1.23441,1.22473,1.23165
12/9/2014 22:00:00,1.23121,1.24478,1.2292,1.23739
12/10/2014 22:00:00,1.23736,1.24483,1.2362,1.24478
12/11/2014 22:00:00,1.24459,1.2495,1.23701,1.24103
12/12/2014 22:00:00,1.24107,1.24852,1.23843,1.24613
12/14/2014 22:00:00,1.24614,1.24614,1.24614,1.24614
12/15/2014 22:00:00,1.24719,1.24787,1.24146,1.24363
12/16/2014 22:00:00,1.24352,1.25698,1.24344,1.25102
12/17/2014 22:00:00,1.25105,1.25156,1.23207,1.23416
12/18/2014 22:00:00,1.23421,1.23525,1.2266,1.22857
12/21/2014 22:00:00,1.22865,1.23021,1.22201,1.22263
12/22/2014 22:00:00,1.2224,1.22725,1.22167,1.2229
12/23/2014 22:00:00,1.2228,1.22456,1.21648,1.21725
12/25/2014 22:00:00,1.21726,1.222,1.21693,1.22
12/28/2014 22:00:00,1.22176,1.22207,1.21683,1.21771
12/29/2014 22:00:00,1.21798,1.2221,1.21429,1.21518
12/30/2014 22:00:00,1.21514,1.21875,1.21239,1.2158
1/1/2015 22:00:00,1.21579,1.21697,1.20973,1.21009
1/4/2015 22:00:00,1.21037,1.21076,1.20005,1.20022
1/5/2015 22:00:00,1.19256,1.19763,1.18873,1.19326
1/6/2015 22:00:00,1.19328,1.19687,1.18841,1.18893
1/7/2015 22:00:00,1.18895,1.18965,1.18021,1.18395
1/8/2015 22:00:00,1.18369,1.18473,1.17542,1.17919
1/11/2015 22:00:00,1.17917,1.18459,1.17627,1.18413
1/12/2015 22:00:00,1.18509,1.18708,1.17861,1.18334
1/13/2015 22:00:00,1.1834,1.18598,1.17533,1.17726
1/14/2015 22:00:00,1.17722,1.18464,1.17273,1.17887
1/15/2015 22:00:00,1.17889,1.17929,1.15672,1.16323
1/18/2015 22:00:00,1.16324,1.16488,1.14599,1.15604
1/19/2015 22:00:00,1.15557,1.16388,1.15513,1.16067
1/20/2015 22:00:00,1.16061,1.1615,1.15403,1.15495
1/21/2015 22:00:00,1.1554,1.16799,1.15413,1.16096
1/22/2015 22:00:00,1.16099,1.1651,1.1316,1.13651
1/25/2015 22:00:00,1.13597,1.1374,1.11143,1.12031
1/26/2015 22:00:00,1.11558,1.12953,1.10974,1.12395
1/27/2015 22:00:00,1.12382,1.14227,1.12236,1.13806
1/28/2015 22:00:00,1.1375,1.13828,1.1276,1.12869
1/29/2015 22:00:00,1.12843,1.13679,1.12617,1.13194
2/1/2015 22:00:00,1.13194,1.13637,1.12774,1.12799
2/2/2015 22:00:00,1.13107,1.13622,1.12923,1.13416
2/3/2015 22:00:00,1.13406,1.15337,1.13123,1.14786
2/4/2015 22:00:00,1.148,1.14849,1.13155,1.13444
2/5/2015 22:00:00,1.13491,1.14989,1.13037,1.14769
2/8/2015 22:00:00,1.14766,1.14857,1.13118,1.13155
2/9/2015 22:00:00,1.12985,1.13594,1.12701,1.1324
2/10/2015 22:00:00,1.13242,1.13454,1.12729,1.13206
2/11/2015 22:00:00,1.13168,1.13471,1.12799,1.13354
2/12/2015 22:00:00,1.13478,1.14229,1.13021,1.14025
2/15/2015 22:00:00,1.14024,1.14416,1.138,1.13837
2/16/2015 22:00:00,1.13979,1.1429,1.13194,1.13528
2/17/2015 22:00:00,1.13533,1.1449,1.13219,1.14106
2/18/2015 22:00:00,1.14115,1.14158,1.13339,1.13967
2/19/2015 22:00:00,1.13971,1.14502,1.13553,1.13677
2/22/2015 22:00:00,1.13646,1.14293,1.1279,1.13813
2/23/2015 22:00:00,1.13919,1.13933,1.12952,1.13342
2/24/2015 22:00:00,1.13344,1.13579,1.12879,1.13403
2/25/2015 22:00:00,1.13415,1.13885,1.13355,1.13608
2/26/2015 22:00:00,1.13604,1.13797,1.11833,1.11973
3/1/2015 22:00:00,1.12013,1.1245,1.1176,1.11927
3/2/2015 22:00:00,1.11819,1.12404,1.11598,1.11837
3/3/2015 22:00:00,1.11838,1.12173,1.11545,1.11755
3/4/2015 22:00:00,1.11749,1.11854,1.10613,1.10777
3/5/2015 22:00:00,1.10784,1.11144,1.09873,1.10292
3/8/2015 21:00:00,1.10288,1.10325,1.08386,1.08397
3/9/2015 21:00:00,1.08309,1.09063,1.08228,1.08513
3/10/2015 21:00:00,1.08512,1.08557,1.06924,1.06973
3/11/2015 21:00:00,1.06974,1.07166,1.0511,1.05467
3/12/2015 21:00:00,1.05466,1.06839,1.04939,1.06346
3/15/2015 21:00:00,1.06348,1.0635,1.04621,1.04962
3/16/2015 21:00:00,1.0489,1.06191,1.04793,1.05673
3/17/2015 21:00:00,1.05671,1.06506,1.0551,1.05966
3/18/2015 21:00:00,1.05969,1.10374,1.05797,1.08622
3/19/2015 21:00:00,1.08588,1.09191,1.06126,1.06592
3/22/2015 21:00:00,1.06591,1.0882,1.06489,1.08168
3/23/2015 21:00:00,1.08589,1.09711,1.07672,1.09451
3/24/2015 21:00:00,1.09448,1.1029,1.08901,1.09239
3/25/2015 21:00:00,1.09237,1.10142,1.09004,1.09693
3/26/2015 21:00:00,1.09689,1.10519,1.08561,1.08833
3/29/2015 21:00:00,1.08834,1.09485,1.08009,1.08843
3/30/2015 21:00:00,1.08852,1.08947,1.08098,1.08326
3/31/2015 21:00:00,1.08323,1.08451,1.07128,1.07311
4/1/2015 21:00:00,1.07308,1.07997,1.07185,1.07624
4/2/2015 21:00:00,1.07622,1.09051,1.07501,1.0879
4/5/2015 21:00:00,1.08795,1.10266,1.08635,1.09679
4/6/2015 21:00:00,1.09922,1.10354,1.09094,1.09219
4/7/2015 21:00:00,1.09244,1.09545,1.08029,1.08143
4/8/2015 21:00:00,1.08139,1.08872,1.0763,1.078
4/9/2015 21:00:00,1.07797,1.07885,1.06375,1.06586
4/12/2015 21:00:00,1.06579,1.06835,1.05676,1.05971
4/13/2015 21:00:00,1.05899,1.06189,1.05203,1.05667
4/14/2015 21:00:00,1.05706,1.07072,1.05315,1.06539
4/15/2015 21:00:00,1.06541,1.07018,1.05704,1.06836
4/16/2015 21:00:00,1.06837,1.08175,1.06242,1.07606
4/19/2015 21:00:00,1.07609,1.08484,1.07336,1.08016
4/20/2015 21:00:00,1.08189,1.082,1.0712,1.07371
4/21/2015 21:00:00,1.07422,1.0781,1.06595,1.07351
4/22/2015 21:00:00,1.0735,1.08008,1.07082,1.07241
4/23/2015 21:00:00,1.07244,1.08459,1.06659,1.08235
4/26/2015 21:00:00,1.08237,1.08999,1.07843,1.08686
4/27/2015 21:00:00,1.08633,1.09266,1.08191,1.08906
4/28/2015 21:00:00,1.08905,1.09908,1.08597,1.09804
4/29/2015 21:00:00,1.09775,1.11878,1.09562,1.11278
4/30/2015 21:00:00,1.1128,1.12661,1.10711,1.12232
5/3/2015 21:00:00,1.12189,1.12896,1.11743,1.11933
5/4/2015 21:00:00,1.11913,1.12245,1.11225,1.11451
5/5/2015 21:00:00,1.1144,1.1223,1.10662,1.11848
5/6/2015 21:00:00,1.11849,1.13699,1.11746,1.13463
5/7/2015 21:00:00,1.13465,1.13916,1.12369,1.1266
5/10/2015 21:00:00,1.12661,1.12889,1.11788,1.11986
5/11/2015 21:00:00,1.12001,1.12064,1.11308,1.11549
5/12/2015 21:00:00,1.11548,1.12788,1.11343,1.12123
5/13/2015 21:00:00,1.12134,1.13825,1.12023,1.13538
5/14/2015 21:00:00,1.13537,1.14445,1.13403,1.14091
5/17/2015 21:00:00,1.14105,1.14666,1.13236,1.145
5/18/2015 21:00:00,1.14484,1.14495,1.12984,1.13146
5/19/2015 21:00:00,1.13147,1.13262,1.11188,1.11493
5/20/2015 21:00:00,1.11494,1.11519,1.10622,1.10931
5/21/2015 21:00:00,1.10928,1.1181,1.10796,1.11113
5/24/2015 21:00:00,1.11117,1.12082,1.10019,1.10067
5/25/2015 21:00:00,1.10064,1.10095,1.09588,1.09776
5/26/2015 21:00:00,1.09775,1.09811,1.0863,1.0874
5/27/2015 21:00:00,1.08719,1.09289,1.0819,1.09037
5/28/2015 21:00:00,1.09032,1.09584,1.08667,1.09484
5/31/2015 21:00:00,1.09483,1.10056,1.09255,1.09801
6/1/2015 21:00:00,1.0983,1.09881,1.08871,1.09262
6/2/2015 21:00:00,1.09263,1.11938,1.09158,1.11501
6/3/2015 21:00:00,1.11504,1.1285,1.108,1.12738
6/4/2015 21:00:00,1.12737,1.13794,1.12224,1.12376
6/7/2015 21:00:00,1.12374,1.12798,1.10492,1.11101
6/8/2015 21:00:00,1.11019,1.13065,1.10839,1.12908
6/9/2015 21:00:00,1.1291,1.13454,1.12139,1.1282
6/10/2015 21:00:00,1.12822,1.13858,1.12599,1.13235
6/11/2015 21:00:00,1.13233,1.13314,1.1182,1.1258
6/14/2015 21:00:00,1.12574,1.12962,1.1151,1.1265
6/15/2015 21:00:00,1.12142,1.12943,1.11891,1.12835
6/16/2015 21:00:00,1.12811,1.13296,1.12048,1.12473
6/17/2015 21:00:00,1.12448,1.13577,1.12052,1.13367
6/18/2015 21:00:00,1.13376,1.14361,1.13302,1.13583
6/21/2015 21:00:00,1.13671,1.13959,1.12918,1.13507
6/22/2015 21:00:00,1.13747,1.14103,1.13116,1.13401
6/23/2015 21:00:00,1.13367,1.13472,1.11349,1.11673
6/24/2015 21:00:00,1.11611,1.12345,1.11541,1.12038
6/25/2015 21:00:00,1.12043,1.12275,1.11536,1.12032
6/28/2015 21:00:00,1.11979,1.12197,1.11299,1.11621
6/29/2015 21:00:00,1.10038,1.12776,1.09542,1.12352
6/30/2015 21:00:00,1.12354,1.1244,1.11125,1.11452
7/1/2015 21:00:00,1.11461,1.1171,1.10425,1.10524
7/2/2015 21:00:00,1.10532,1.11211,1.1032,1.10831
7/5/2015 21:00:00,1.10836,1.11175,1.10655,1.11053
7/6/2015 21:00:00,1.09799,1.10954,1.09692,1.10555
7/7/2015 21:00:00,1.10543,1.10585,1.09161,1.10105
7/8/2015 21:00:00,1.10111,1.10925,1.09739,1.10758
7/9/2015 21:00:00,1.10757,1.11248,1.09913,1.10356
7/12/2015 21:00:00,1.10357,1.12158,1.10298,1.11515
7/13/2015 21:00:00,1.10977,1.11966,1.09956,1.10051
7/14/2015 21:00:00,1.10008,1.10832,1.09657,1.10084
7/15/2015 21:00:00,1.10078,1.10354,1.09296,1.09482
7/16/2015 21:00:00,1.09459,1.09623,1.08553,1.08742
7/19/2015 21:00:00,1.08747,1.09068,1.08283,1.08286
7/20/2015 21:00:00,1.08337,1.08699,1.08085,1.08247
7/21/2015 21:00:00,1.08208,1.0969,1.08115,1.09343
7/22/2015 21:00:00,1.09344,1.09665,1.08695,1.09284
7/23/2015 21:00:00,1.0926,1.10176,1.09215,1.09851
7/26/2015 21:00:00,1.09815,1.09955,1.09251,1.09836
7/27/2015 21:00:00,1.09767,1.1129,1.09687,1.10892
7/28/2015 21:00:00,1.10912,1.10993,1.1022,1.10597
7/29/2015 21:00:00,1.1059,1.10837,1.09668,1.09832
7/30/2015 21:00:00,1.09834,1.0989,1.08929,1.09317
8/2/2015 21:00:00,1.09318,1.11139,1.09209,1.0984
8/3/2015 21:00:00,1.09791,1.09957,1.0941,1.09499
8/4/2015 21:00:00,1.09512,1.09873,1.08788,1.08806
8/5/2015 21:00:00,1.08831,1.09379,1.08477,1.09054
8/6/2015 21:00:00,1.09048,1.09436,1.08734,1.09246
8/9/2015 21:00:00,1.09247,1.09781,1.08553,1.09606
8/10/2015 21:00:00,1.0963,1.10412,1.09251,1.10183
8/11/2015 21:00:00,1.10189,1.10881,1.09603,1.10415
8/12/2015 21:00:00,1.10416,1.12136,1.10241,1.11569
8/13/2015 21:00:00,1.11574,1.11888,1.10798,1.11496
8/16/2015 21:00:00,1.11495,1.11886,1.10976,1.11083
8/17/2015 21:00:00,1.11157,1.11246,1.10586,1.10771
8/18/2015 21:00:00,1.10772,1.10935,1.10169,1.10214
8/19/2015 21:00:00,1.10234,1.11342,1.10173,1.11191
8/20/2015 21:00:00,1.11185,1.12445,1.11068,1.12416
8/23/2015 21:00:00,1.12411,1.13884,1.1229,1.1377
8/24/2015 21:00:00,1.13755,1.17137,1.13692,1.1618
8/25/2015 21:00:00,1.16179,1.16179,1.13964,1.15161
8/26/2015 21:00:00,1.15159,1.1561,1.12912,1.13129
8/27/2015 21:00:00,1.13137,1.13642,1.12028,1.12454
8/30/2015 21:00:00,1.12445,1.13095,1.11557,1.11846
8/31/2015 21:00:00,1.11739,1.12623,1.11693,1.12105
9/1/2015 21:00:00,1.12099,1.13319,1.12077,1.13144
9/2/2015 21:00:00,1.13174,1.13192,1.12163,1.12272
9/3/2015 21:00:00,1.12258,1.12431,1.10869,1.11228
9/6/2015 21:00:00,1.11227,1.11885,1.10896,1.11334
9/7/2015 21:00:00,1.1163,1.11774,1.11211,1.11689
9/8/2015 21:00:00,1.11693,1.12292,1.11523,1.1202
9/9/2015 21:00:00,1.12021,1.1216,1.11315,1.12066
9/10/2015 21:00:00,1.12067,1.12951,1.11715,1.12794
9/13/2015 21:00:00,1.12777,1.13492,1.12539,1.13283
9/14/2015 21:00:00,1.13279,1.13729,1.12835,1.1316
9/15/2015 21:00:00,1.13158,1.13286,1.12587,1.12691
9/16/2015 21:00:00,1.12692,1.13203,1.12139,1.12891
9/17/2015 21:00:00,1.12889,1.14409,1.12843,1.14341
9/20/2015 21:00:00,1.14345,1.14601,1.12692,1.12811
9/21/2015 21:00:00,1.12811,1.13298,1.11809,1.11889
9/22/2015 21:00:00,1.11887,1.12074,1.1113,1.11194
9/23/2015 21:00:00,1.11256,1.12134,1.11049,1.11852
9/24/2015 21:00:00,1.11856,1.12957,1.11643,1.12294
9/27/2015 21:00:00,1.12061,1.12128,1.1116,1.11907
9/28/2015 21:00:00,1.11938,1.12474,1.11465,1.1244
9/29/2015 21:00:00,1.12436,1.12812,1.11936,1.12487
9/30/2015 21:00:00,1.12488,1.12611,1.11572,1.11707
10/1/2015 21:00:00,1.11756,1.1209,1.11348,1.1194
10/4/2015 21:00:00,1.11941,1.13183,1.11497,1.11939
10/5/2015 21:00:00,1.122,1.12891,1.11733,1.11874
10/6/2015 21:00:00,1.11876,1.12794,1.11718,1.12715
10/7/2015 21:00:00,1.12721,1.12841,1.12113,1.12375
10/8/2015 21:00:00,1.12371,1.13268,1.12344,1.12758
10/11/2015 21:00:00,1.12761,1.1387,1.12668,1.13569
10/12/2015 21:00:00,1.13617,1.13966,1.13539,1.13575
10/13/2015 21:00:00,1.13576,1.14109,1.13439,1.13785
10/14/2015 21:00:00,1.13786,1.1489,1.13772,1.14735
10/15/2015 21:00:00,1.1473,1.14951,1.1363,1.13794
10/18/2015 21:00:00,1.13791,1.1395,1.13342,1.13474
10/19/2015 21:00:00,1.1354,1.1379,1.13057,1.13266
10/20/2015 21:00:00,1.13267,1.13871,1.13239,1.1346
10/21/2015 21:00:00,1.13461,1.13774,1.13341,1.13386
10/22/2015 21:00:00,1.13387,1.1351,1.11002,1.11081
10/25/2015 21:00:00,1.1108,1.11398,1.09966,1.10173
10/26/2015 21:00:00,1.10073,1.10682,1.10014,1.10569
10/27/2015 21:00:00,1.10559,1.10786,1.10302,1.10487
10/28/2015 21:00:00,1.10488,1.10957,1.08969,1.09232
10/29/2015 21:00:00,1.09228,1.09857,1.0902,1.09774
11/1/2015 22:00:00,1.09775,1.10726,1.09655,1.1002
11/2/2015 22:00:00,1.10311,1.10526,1.1,1.10154
11/3/2015 22:00:00,1.1011,1.103,1.09362,1.09631
11/4/2015 22:00:00,1.09628,1.09678,1.0844,1.08648
11/5/2015 22:00:00,1.08649,1.08974,1.08336,1.08832
11/8/2015 22:00:00,1.08815,1.08937,1.07054,1.07394
11/9/2015 22:00:00,1.07333,1.079,1.07196,1.07505
11/10/2015 22:00:00,1.07497,1.0764,1.06742,1.07243
11/11/2015 22:00:00,1.0723,1.07737,1.07056,1.07424
11/12/2015 22:00:00,1.07454,1.083,1.06909,1.08135
11/15/2015 22:00:00,1.08117,1.08168,1.0714,1.07708
11/16/2015 22:00:00,1.07386,1.0758,1.06745,1.06859
11/17/2015 22:00:00,1.06864,1.06906,1.06307,1.06414
11/18/2015 22:00:00,1.06419,1.06924,1.06169,1.0659
11/19/2015 22:00:00,1.06611,1.07629,1.06554,1.07334
11/22/2015 22:00:00,1.07358,1.07383,1.06398,1.06449
11/23/2015 22:00:00,1.06393,1.06567,1.05926,1.06354
11/24/2015 22:00:00,1.06345,1.06732,1.06195,1.06429
11/25/2015 22:00:00,1.06418,1.06892,1.05658,1.06239
11/26/2015 22:00:00,1.06226,1.06274,1.06,1.06101
11/29/2015 22:00:00,1.06085,1.06381,1.05685,1.05861
11/30/2015 22:00:00,1.0591,1.0595,1.05578,1.05641
12/1/2015 22:00:00,1.05653,1.06371,1.05631,1.06321
12/2/2015 22:00:00,1.06326,1.06342,1.05505,1.06147
12/3/2015 22:00:00,1.06158,1.0981,1.04983,1.09394
12/6/2015 22:00:00,1.09405,1.09561,1.0836,1.08825
12/7/2015 22:00:00,1.08687,1.08875,1.0796,1.08369
12/8/2015 22:00:00,1.08372,1.09023,1.08301,1.08912
12/9/2015 22:00:00,1.08943,1.10426,1.08791,1.10246
12/10/2015 22:00:00,1.10229,1.10238,1.0925,1.09396
12/13/2015 22:00:00,1.09356,1.10306,1.09266,1.09776
12/14/2015 22:00:00,1.09853,1.10486,1.09455,1.09912
12/15/2015 22:00:00,1.09966,1.10595,1.09046,1.09288
12/16/2015 22:00:00,1.09281,1.10112,1.08879,1.09113
12/17/2015 22:00:00,1.09124,1.09134,1.08025,1.08254
12/20/2015 22:00:00,1.08303,1.08745,1.08048,1.08644
12/21/2015 22:00:00,1.08515,1.09389,1.08481,1.09149
12/22/2015 22:00:00,1.09146,1.0984,1.09023,1.09562
12/23/2015 22:00:00,1.09528,1.09571,1.08698,1.09102
12/27/2015 22:00:00,1.09063,1.09675,1.09026,1.09631
12/28/2015 22:00:00,1.09381,1.09924,1.09207,1.09666
12/29/2015 22:00:00,1.09633,1.09915,1.08991,1.09189
12/30/2015 22:00:00,1.09142,1.09437,1.09019,1.09314
1/3/2016 22:00:00,1.09294,1.0937,1.08528,1.08695
1/4/2016 22:00:00,1.0872,1.09463,1.0781,1.08307
1/5/2016 22:00:00,1.08309,1.08388,1.07106,1.07478
1/6/2016 22:00:00,1.07475,1.07995,1.07136,1.078
1/7/2016 22:00:00,1.07771,1.09401,1.07709,1.09313
1/10/2016 22:00:00,1.0931,1.09338,1.08008,1.09234
1/11/2016 22:00:00,1.09203,1.09693,1.08479,1.08589
1/12/2016 22:00:00,1.0856,1.09003,1.08196,1.08576
1/13/2016 22:00:00,1.08576,1.08877,1.08048,1.08765
1/14/2016 22:00:00,1.08777,1.0943,1.08345,1.08653
1/17/2016 22:00:00,1.08646,1.09846,1.08545,1.09143
1/18/2016 22:00:00,1.09178,1.09276,1.08687,1.08913
1/19/2016 22:00:00,1.08933,1.09388,1.08593,1.09063
1/20/2016 22:00:00,1.09058,1.09759,1.08771,1.08901
1/21/2016 22:00:00,1.08914,1.09215,1.07776,1.08737
1/24/2016 22:00:00,1.08743,1.08765,1.07891,1.0795
1/25/2016 22:00:00,1.0792,1.08568,1.07895,1.08489
1/26/2016 22:00:00,1.08479,1.08743,1.08188,1.08695
1/27/2016 22:00:00,1.08664,1.09164,1.08506,1.08929
1/28/2016 22:00:00,1.08909,1.09675,1.08696,1.09394
1/31/2016 22:00:00,1.09384,1.09487,1.08099,1.08305
2/1/2016 22:00:00,1.08319,1.09128,1.08145,1.08875
2/2/2016 22:00:00,1.08861,1.09398,1.08856,1.09191
2/3/2016 22:00:00,1.09184,1.11455,1.09036,1.11032
2/4/2016 22:00:00,1.10983,1.12387,1.10695,1.12074
2/7/2016 22:00:00,1.12039,1.12459,1.11087,1.1156
2/8/2016 22:00:00,1.11447,1.12158,1.10865,1.11919
2/9/2016 22:00:00,1.11928,1.13382,1.11621,1.12924
2/10/2016 22:00:00,1.129,1.13114,1.11604,1.12907
2/11/2016 22:00:00,1.129,1.13764,1.12738,1.13234
2/14/2016 22:00:00,1.13229,1.13337,1.1214,1.12535
2/15/2016 22:00:00,1.1242,1.12499,1.11279,1.11548
2/16/2016 22:00:00,1.11542,1.11931,1.11241,1.11435
2/17/2016 22:00:00,1.11431,1.1179,1.11058,1.11263
2/18/2016 22:00:00,1.11262,1.11495,1.10709,1.11071
2/21/2016 22:00:00,1.11002,1.11392,1.10667,1.11294
2/22/2016 22:00:00,1.11177,1.11246,1.1003,1.10295
2/23/2016 22:00:00,1.10301,1.10527,1.099,1.10193
2/24/2016 22:00:00,1.10171,1.10466,1.09569,1.10125
2/25/2016 22:00:00,1.10136,1.105,1.09868,1.10178
2/28/2016 22:00:00,1.10182,1.10681,1.09116,1.09305
2/29/2016 22:00:00,1.09183,1.09626,1.08592,1.08726
3/1/2016 22:00:00,1.08778,1.08935,1.08341,1.08671
3/2/2016 22:00:00,1.08668,1.0881,1.08255,1.08677
3/3/2016 22:00:00,1.08684,1.09729,1.08535,1.09568
3/6/2016 22:00:00,1.09574,1.10435,1.09031,1.10049
3/7/2016 22:00:00,1.09924,1.10258,1.094,1.10134
3/8/2016 22:00:00,1.10155,1.10578,1.09936,1.10101
3/9/2016 22:00:00,1.10104,1.10348,1.0946,1.09998
3/10/2016 22:00:00,1.09993,1.12177,1.08222,1.11793
3/13/2016 21:00:00,1.11777,1.12096,1.10803,1.11478
3/14/2016 21:00:00,1.11506,1.11761,1.10775,1.11019
3/15/2016 21:00:00,1.1102,1.11248,1.10718,1.11084
3/16/2016 21:00:00,1.11085,1.12424,1.10578,1.12233
3/17/2016 21:00:00,1.1224,1.13424,1.12052,1.13178
3/20/2016 21:00:00,1.13177,1.13368,1.12559,1.12698
3/21/2016 21:00:00,1.12699,1.12847,1.12343,1.12416
3/22/2016 21:00:00,1.12409,1.12599,1.11882,1.12163
3/23/2016 21:00:00,1.12171,1.12234,1.11594,1.11814
3/24/2016 21:00:00,1.11806,1.11875,1.11443,1.11748
3/27/2016 21:00:00,1.11744,1.11813,1.11538,1.11642
3/28/2016 21:00:00,1.11621,1.122,1.11529,1.11938
3/29/2016 21:00:00,1.11956,1.13034,1.11689,1.12899
3/30/2016 21:00:00,1.12897,1.13653,1.1283,1.13369
3/31/2016 21:00:00,1.13365,1.14118,1.13101,1.13797
4/3/2016 21:00:00,1.13792,1.14379,1.13348,1.13815
4/4/2016 21:00:00,1.13992,1.14125,1.13573,1.1388
4/5/2016 21:00:00,1.13915,1.14051,1.13356,1.13832
4/6/2016 21:00:00,1.13846,1.14316,1.13266,1.1398
4/7/2016 21:00:00,1.13971,1.1454,1.13374,1.13774
4/10/2016 21:00:00,1.1377,1.14193,1.13489,1.13953
4/11/2016 21:00:00,1.14088,1.14473,1.1372,1.14048
4/12/2016 21:00:00,1.14063,1.14646,1.13455,1.13844
4/13/2016 21:00:00,1.13829,1.1391,1.12679,1.12727
4/14/2016 21:00:00,1.12754,1.12947,1.12338,1.12655
4/17/2016 21:00:00,1.12633,1.1317,1.12456,1.12818
4/18/2016 21:00:00,1.12981,1.1332,1.12737,1.13115
4/19/2016 21:00:00,1.13107,1.13844,1.13034,1.13579
4/20/2016 21:00:00,1.13584,1.13878,1.12902,1.12948
4/21/2016 21:00:00,1.12963,1.1396,1.12698,1.12867
4/24/2016 21:00:00,1.12855,1.13085,1.12155,1.12155
4/25/2016 21:00:00,1.1218,1.12782,1.1218,1.12673
4/26/2016 21:00:00,1.12632,1.13395,1.12562,1.12959
4/27/2016 21:00:00,1.12988,1.13612,1.12715,1.13192
4/28/2016 21:00:00,1.13204,1.13678,1.12961,1.13512
5/1/2016 21:00:00,1.13519,1.14592,1.13465,1.14481
5/2/2016 21:00:00,1.14612,1.15356,1.14482,1.15344
5/3/2016 21:00:00,1.15308,1.16161,1.14956,1.1496
5/4/2016 21:00:00,1.1496,1.15295,1.14664,1.14864
5/5/2016 21:00:00,1.14843,1.14937,1.13859,1.14049
5/8/2016 21:00:00,1.14034,1.14789,1.13865,1.14037
5/9/2016 21:00:00,1.13976,1.14196,1.13754,1.13825
5/10/2016 21:00:00,1.1381,1.14097,1.13586,1.13719
5/11/2016 21:00:00,1.13709,1.14465,1.13694,1.14264
5/12/2016 21:00:00,1.14255,1.14291,1.13705,1.13759
5/15/2016 21:00:00,1.1374,1.13796,1.1283,1.13094
5/16/2016 21:00:00,1.13116,1.13423,1.13023,1.13191
5/17/2016 21:00:00,1.13195,1.13484,1.1302,1.13142
5/18/2016 21:00:00,1.13149,1.13159,1.12142,1.12159
5/19/2016 21:00:00,1.1217,1.12299,1.11799,1.12034
5/22/2016 21:00:00,1.12016,1.12372,1.11963,1.12222
5/23/2016 21:00:00,1.12123,1.12427,1.11875,1.12196
5/24/2016 21:00:00,1.12186,1.12269,1.11324,1.11405
5/25/2016 21:00:00,1.11416,1.11668,1.11288,1.1155
5/26/2016 21:00:00,1.11549,1.12166,1.11494,1.11933
5/29/2016 21:00:00,1.11943,1.12005,1.11107,1.11124
5/30/2016 21:00:00,1.11145,1.11446,1.10978,1.11386
5/31/2016 21:00:00,1.1138,1.11734,1.11222,1.11315
6/1/2016 21:00:00,1.11306,1.11939,1.1114,1.11884
6/2/2016 21:00:00,1.11884,1.12198,1.11453,1.11511
6/5/2016 21:00:00,1.11526,1.13736,1.11368,1.13662
6/6/2016 21:00:00,1.13574,1.13926,1.13258,1.13535
6/7/2016 21:00:00,1.13551,1.13804,1.13386,1.13574
6/8/2016 21:00:00,1.1358,1.14106,1.13545,1.13944
6/9/2016 21:00:00,1.13944,1.14155,1.13055,1.13167
6/12/2016 21:00:00,1.13167,1.13213,1.12453,1.12507
6/13/2016 21:00:00,1.12499,1.13031,1.1232,1.129
6/14/2016 21:00:00,1.12923,1.12983,1.11888,1.12062
6/15/2016 21:00:00,1.12045,1.12987,1.11897,1.12593
6/16/2016 21:00:00,1.12601,1.12947,1.11309,1.1225
6/19/2016 21:00:00,1.12251,1.12962,1.12228,1.12762
6/20/2016 21:00:00,1.13342,1.13825,1.1302,1.13118
6/21/2016 21:00:00,1.13134,1.13494,1.1241,1.12431
6/22/2016 21:00:00,1.12466,1.13376,1.12366,1.12961
6/23/2016 21:00:00,1.13094,1.14211,1.13094,1.13849
6/26/2016 21:00:00,1.13965,1.14282,1.09102,1.10924
6/27/2016 21:00:00,1.10204,1.10832,1.09705,1.10246
6/28/2016 21:00:00,1.1021,1.11113,1.10097,1.10644
6/29/2016 21:00:00,1.10664,1.11302,1.10489,1.1125
6/30/2016 21:00:00,1.11225,1.11543,1.1024,1.11057
7/3/2016 21:00:00,1.11039,1.11693,1.10717,1.1134
7/4/2016 21:00:00,1.11358,1.11595,1.10977,1.11521
7/5/2016 21:00:00,1.11549,1.11858,1.10621,1.10756
7/6/2016 21:00:00,1.10726,1.11114,1.10288,1.11003
7/7/2016 21:00:00,1.10995,1.11069,1.10523,1.10623
7/10/2016 21:00:00,1.10603,1.11202,1.10019,1.10494
7/11/2016 21:00:00,1.10516,1.10744,1.10156,1.1057
7/12/2016 21:00:00,1.10576,1.11261,1.10518,1.10602
7/13/2016 21:00:00,1.1061,1.11197,1.1042,1.10893
7/14/2016 21:00:00,1.10892,1.11648,1.10884,1.11184
7/17/2016 21:00:00,1.11186,1.11487,1.10245,1.103
7/18/2016 21:00:00,1.10494,1.1084,1.10373,1.1075
7/19/2016 21:00:00,1.10745,1.10802,1.09997,1.10211
7/20/2016 21:00:00,1.1019,1.103,1.09812,1.10133
7/21/2016 21:00:00,1.10127,1.10604,1.09794,1.10252
7/24/2016 21:00:00,1.10257,1.10408,1.09554,1.09756
7/25/2016 21:00:00,1.09712,1.09989,1.09518,1.09938
7/26/2016 21:00:00,1.09938,1.10296,1.09783,1.09858
7/27/2016 21:00:00,1.09856,1.1065,1.09615,1.10576
7/28/2016 21:00:00,1.10697,1.11194,1.10523,1.10751
7/31/2016 21:00:00,1.10795,1.11973,1.10726,1.11725
8/1/2016 21:00:00,1.11738,1.11832,1.1155,1.11633
8/2/2016 21:00:00,1.11608,1.12334,1.11581,1.12224
8/3/2016 21:00:00,1.12234,1.1227,1.11405,1.11484
8/4/2016 21:00:00,1.11499,1.11561,1.11137,1.11294
8/7/2016 21:00:00,1.1128,1.11611,1.10456,1.10862
8/8/2016 21:00:00,1.10851,1.11049,1.10719,1.10878
8/9/2016 21:00:00,1.10848,1.11225,1.10704,1.11163
8/10/2016 21:00:00,1.11133,1.11901,1.11131,1.11761
8/11/2016 21:00:00,1.11817,1.11916,1.11352,1.1137
8/14/2016 21:00:00,1.11359,1.12212,1.11311,1.11599
8/15/2016 21:00:00,1.11683,1.12037,1.11534,1.1183
8/16/2016 21:00:00,1.11829,1.13224,1.11773,1.12778
8/17/2016 21:00:00,1.12774,1.1316,1.12408,1.12888
8/18/2016 21:00:00,1.1287,1.13662,1.12862,1.13538
8/21/2016 21:00:00,1.13512,1.13597,1.1304,1.13232
8/22/2016 21:00:00,1.13146,1.13306,1.1271,1.13198
8/23/2016 21:00:00,1.13207,1.13551,1.13031,1.13052
8/24/2016 21:00:00,1.13059,1.13114,1.12452,1.12631
8/25/2016 21:00:00,1.12655,1.12975,1.12591,1.1284
8/28/2016 21:00:00,1.12827,1.13409,1.11805,1.11914
8/29/2016 21:00:00,1.1184,1.12077,1.11579,1.1188
8/30/2016 21:00:00,1.11885,1.11923,1.11321,1.1142
8/31/2016 21:00:00,1.11422,1.11654,1.11231,1.11577
9/1/2016 21:00:00,1.11569,1.12051,1.11275,1.11965
9/4/2016 21:00:00,1.11978,1.1252,1.11504,1.1154
9/5/2016 21:00:00,1.11569,1.11823,1.11395,1.11478
9/6/2016 21:00:00,1.11468,1.1263,1.1141,1.1255
9/7/2016 21:00:00,1.12548,1.1271,1.12288,1.12392
9/8/2016 21:00:00,1.12391,1.1327,1.12345,1.126
9/11/2016 21:00:00,1.12594,1.1285,1.11985,1.12329
9/12/2016 21:00:00,1.12324,1.12683,1.12103,1.1235
9/13/2016 21:00:00,1.12356,1.12604,1.12039,1.12205
9/14/2016 21:00:00,1.12176,1.12738,1.12104,1.12492
9/15/2016 21:00:00,1.12483,1.12835,1.1219,1.12429
9/18/2016 21:00:00,1.12441,1.12499,1.11494,1.1156
9/19/2016 21:00:00,1.11543,1.11979,1.11507,1.11735
9/20/2016 21:00:00,1.11745,1.12132,1.11498,1.11504
9/21/2016 21:00:00,1.11517,1.11968,1.1123,1.1189
9/22/2016 21:00:00,1.11933,1.12573,1.11847,1.12079
9/25/2016 21:00:00,1.12082,1.12405,1.11939,1.12255
9/26/2016 21:00:00,1.12266,1.12789,1.1221,1.12532
9/27/2016 21:00:00,1.12531,1.12586,1.11908,1.12145
9/28/2016 21:00:00,1.12167,1.12366,1.11817,1.12167
9/29/2016 21:00:00,1.12156,1.12497,1.11967,1.12216
10/2/2016 21:00:00,1.12214,1.12505,1.11532,1.12406
10/3/2016 21:00:00,1.12333,1.12443,1.12051,1.12108
10/4/2016 21:00:00,1.12117,1.12386,1.11378,1.12046
10/5/2016 21:00:00,1.12043,1.12332,1.11895,1.12037
10/6/2016 21:00:00,1.12039,1.12123,1.11398,1.11469
10/9/2016 21:00:00,1.11483,1.12047,1.11042,1.11969
10/10/2016 21:00:00,1.11793,1.12034,1.11314,1.11375
10/11/2016 21:00:00,1.11374,1.11423,1.10489,1.10536
10/12/2016 21:00:00,1.10538,1.10677,1.10044,1.10072
10/13/2016 21:00:00,1.1007,1.10575,1.09855,1.10564
10/16/2016 21:00:00,1.10574,1.10583,1.09706,1.09711
10/17/2016 21:00:00,1.09697,1.10078,1.09638,1.0999
10/18/2016 21:00:00,1.09992,1.10263,1.097,1.09798
10/19/2016 21:00:00,1.09783,1.10047,1.09549,1.09732
10/20/2016 21:00:00,1.09733,1.10392,1.09157,1.09288
10/23/2016 21:00:00,1.09286,1.09296,1.08592,1.0882
10/24/2016 21:00:00,1.08809,1.08996,1.08595,1.08811
10/25/2016 21:00:00,1.08786,1.09048,1.08509,1.08878
10/26/2016 21:00:00,1.08873,1.09464,1.08744,1.09082
10/27/2016 21:00:00,1.09065,1.09421,1.08822,1.08952
10/30/2016 21:00:00,1.08968,1.09917,1.0893,1.09843
10/31/2016 21:00:00,1.09853,1.09907,1.09358,1.09799
11/1/2016 21:00:00,1.09802,1.10689,1.096,1.10552
11/2/2016 21:00:00,1.10553,1.1123,1.10496,1.10971
11/3/2016 21:00:00,1.1097,1.11258,1.10597,1.11045
11/6/2016 22:00:00,1.11046,1.11416,1.10799,1.11403
11/7/2016 22:00:00,1.10835,1.11103,1.10275,1.10402
11/8/2016 22:00:00,1.10396,1.10669,1.10087,1.10256
11/9/2016 22:00:00,1.10105,1.12993,1.09071,1.09089
11/10/2016 22:00:00,1.0912,1.09534,1.08648,1.08913
11/13/2016 22:00:00,1.08875,1.09235,1.08303,1.08519
11/14/2016 22:00:00,1.08369,1.08418,1.0709,1.07367
11/15/2016 22:00:00,1.07366,1.08164,1.0714,1.0722
11/16/2016 22:00:00,1.07211,1.07594,1.06661,1.0691
11/17/2016 22:00:00,1.0691,1.07454,1.06199,1.06252
11/20/2016 22:00:00,1.06239,1.06429,1.05691,1.0588
11/21/2016 22:00:00,1.05914,1.06491,1.05787,1.06274
11/22/2016 22:00:00,1.06254,1.06579,1.05837,1.06264
11/23/2016 22:00:00,1.06276,1.06435,1.05261,1.05515
11/24/2016 22:00:00,1.05553,1.05853,1.05181,1.05519
11/27/2016 22:00:00,1.055,1.06274,1.05386,1.05748
11/28/2016 22:00:00,1.06049,1.0686,1.05636,1.06119
11/29/2016 22:00:00,1.06133,1.06544,1.05649,1.06495
11/30/2016 22:00:00,1.06528,1.06666,1.05527,1.0588
12/1/2016 22:00:00,1.05921,1.06687,1.05846,1.06612
12/4/2016 22:00:00,1.06592,1.06899,1.06252,1.06637
12/5/2016 22:00:00,1.05935,1.07965,1.05058,1.07637
12/6/2016 22:00:00,1.07596,1.07853,1.06985,1.07168
12/7/2016 22:00:00,1.07201,1.07684,1.07099,1.07533
12/8/2016 22:00:00,1.0752,1.0873,1.05973,1.06154
12/11/2016 22:00:00,1.06124,1.06297,1.0531,1.05602
12/12/2016 22:00:00,1.05405,1.06517,1.05253,1.06354
12/13/2016 22:00:00,1.06371,1.06672,1.06038,1.06259
12/14/2016 22:00:00,1.0625,1.067,1.04961,1.05363
12/15/2016 22:00:00,1.05322,1.05393,1.03665,1.04137
12/18/2016 22:00:00,1.04138,1.04742,1.04007,1.04493
12/19/2016 22:00:00,1.04385,1.04795,1.03926,1.04018
12/20/2016 22:00:00,1.03956,1.0418,1.03523,1.03871
12/21/2016 22:00:00,1.03874,1.04513,1.03825,1.04236
12/22/2016 22:00:00,1.04257,1.04993,1.04233,1.04368
12/25/2016 22:00:00,1.04359,1.04686,1.04265,1.04546
12/26/2016 22:00:00,1.04615,1.04676,1.04242,1.04524
12/27/2016 22:00:00,1.04515,1.04634,1.04325,1.04566
12/28/2016 22:00:00,1.04553,1.048,1.03722,1.04133
12/29/2016 22:00:00,1.04141,1.04938,1.04086,1.04908
1/1/2017 22:00:00,1.04875,1.06527,1.04829,1.05158
1/2/2017 22:00:00,1.05165,1.05294,1.04502,1.04544
1/3/2017 22:00:00,1.04572,1.04902,1.03403,1.04047
1/4/2017 22:00:00,1.04055,1.04997,1.03899,1.04885
1/5/2017 22:00:00,1.04882,1.06153,1.04807,1.06066
1/8/2017 22:00:00,1.06051,1.06222,1.0525,1.05323
1/9/2017 22:00:00,1.0531,1.0583,1.05108,1.0574
1/10/2017 22:00:00,1.05765,1.06271,1.05509,1.05534
1/11/2017 22:00:00,1.05532,1.06228,1.0454,1.05821
1/12/2017 22:00:00,1.05822,1.06847,1.05714,1.06124
1/15/2017 22:00:00,1.0615,1.06745,1.05962,1.0643
1/16/2017 22:00:00,1.06304,1.06357,1.05794,1.05999
1/17/2017 22:00:00,1.06016,1.07193,1.05975,1.07131
1/18/2017 22:00:00,1.07112,1.07155,1.06285,1.06285
1/19/2017 22:00:00,1.06319,1.06766,1.05891,1.06634
1/22/2017 22:00:00,1.06619,1.07095,1.06252,1.07016
1/23/2017 22:00:00,1.06948,1.07691,1.06932,1.07646
1/24/2017 22:00:00,1.07668,1.07747,1.07203,1.07309
1/25/2017 22:00:00,1.07295,1.07696,1.07113,1.07474
1/26/2017 22:00:00,1.07529,1.07657,1.06576,1.06817
1/29/2017 22:00:00,1.06813,1.0725,1.06584,1.06979
1/30/2017 22:00:00,1.07145,1.07402,1.06203,1.0693
1/31/2017 22:00:00,1.06967,1.0812,1.06844,1.07977
2/1/2017 22:00:00,1.07963,1.08074,1.07304,1.07691
2/2/2017 22:00:00,1.07682,1.08289,1.07558,1.07582
2/5/2017 22:00:00,1.07595,1.07977,1.0713,1.07836
2/6/2017 22:00:00,1.07903,1.07908,1.07056,1.07499
2/7/2017 22:00:00,1.07461,1.07494,1.0656,1.0683
2/8/2017 22:00:00,1.06777,1.0714,1.06406,1.06981
2/9/2017 22:00:00,1.06974,1.07096,1.06509,1.06545
2/12/2017 22:00:00,1.06561,1.06677,1.06077,1.06397
2/13/2017 22:00:00,1.06352,1.06584,1.0592,1.05963
2/14/2017 22:00:00,1.05981,1.06334,1.05608,1.05774
2/15/2017 22:00:00,1.05787,1.06093,1.05213,1.06003
2/16/2017 22:00:00,1.0601,1.06794,1.0591,1.06731
2/19/2017 22:00:00,1.0672,1.06766,1.06055,1.06143
2/20/2017 22:00:00,1.06087,1.06329,1.06031,1.06115
2/21/2017 22:00:00,1.06107,1.06152,1.05259,1.05366
2/22/2017 22:00:00,1.05419,1.05739,1.04937,1.05587
2/23/2017 22:00:00,1.05591,1.05952,1.05376,1.05815
2/26/2017 22:00:00,1.05787,1.06178,1.0557,1.05621
2/27/2017 22:00:00,1.05631,1.06306,1.05518,1.0586
2/28/2017 22:00:00,1.05883,1.063,1.05696,1.05759
3/1/2017 22:00:00,1.05747,1.05891,1.0514,1.05464
3/2/2017 22:00:00,1.05467,1.05512,1.04947,1.05064
3/5/2017 22:00:00,1.05017,1.06237,1.05017,1.06208
3/6/2017 22:00:00,1.06079,1.06398,1.05747,1.05809
3/7/2017 22:00:00,1.05833,1.06024,1.05581,1.05655
3/8/2017 22:00:00,1.05672,1.0574,1.05347,1.05405
3/9/2017 22:00:00,1.05394,1.0615,1.05249,1.05765
3/12/2017 21:00:00,1.0576,1.06989,1.05722,1.06732
3/13/2017 21:00:00,1.06845,1.07142,1.0652,1.06532
3/14/2017 21:00:00,1.06522,1.06624,1.06,1.06035
3/15/2017 21:00:00,1.06038,1.07397,1.06034,1.07339
3/16/2017 21:00:00,1.07321,1.07701,1.07056,1.07657
3/19/2017 21:00:00,1.07655,1.07821,1.07274,1.07383
3/20/2017 21:00:00,1.07381,1.07771,1.0725,1.07392
3/21/2017 21:00:00,1.07387,1.08191,1.07191,1.081
3/22/2017 21:00:00,1.08094,1.08246,1.07759,1.07968
3/23/2017 21:00:00,1.07957,1.08048,1.07679,1.07819
3/26/2017 21:00:00,1.07813,1.08179,1.07604,1.0799
3/27/2017 21:00:00,1.083,1.0906,1.08275,1.08626
3/28/2017 21:00:00,1.08628,1.08725,1.07988,1.08127
3/29/2017 21:00:00,1.08118,1.08265,1.07398,1.07655
3/30/2017 21:00:00,1.0765,1.07695,1.06719,1.06746
4/2/2017 21:00:00,1.06759,1.07018,1.06516,1.06553
4/3/2017 21:00:00,1.06638,1.0681,1.06424,1.06697
4/4/2017 21:00:00,1.06697,1.0677,1.06356,1.06733
4/5/2017 21:00:00,1.06729,1.0689,1.06345,1.06637
4/6/2017 21:00:00,1.06644,1.06841,1.06291,1.06437
4/9/2017 21:00:00,1.06438,1.06663,1.05806,1.05894
4/10/2017 21:00:00,1.05878,1.06066,1.05698,1.05958
4/11/2017 21:00:00,1.05966,1.06299,1.05785,1.06041
4/12/2017 21:00:00,1.06064,1.06749,1.05889,1.06657
4/13/2017 21:00:00,1.06631,1.06775,1.0609,1.06129
4/16/2017 21:00:00,1.06148,1.06297,1.06061,1.06106
4/17/2017 21:00:00,1.06166,1.06702,1.06027,1.06419
4/18/2017 21:00:00,1.06478,1.07359,1.06371,1.07298
4/19/2017 21:00:00,1.07291,1.07368,1.06998,1.0711
4/20/2017 21:00:00,1.07106,1.07775,1.07089,1.07167
4/23/2017 21:00:00,1.07169,1.0738,1.06822,1.07253
4/24/2017 21:00:00,1.08985,1.09048,1.08208,1.08668
4/25/2017 21:00:00,1.08674,1.09499,1.08513,1.0926
4/26/2017 21:00:00,1.09298,1.09507,1.08556,1.09035
4/27/2017 21:00:00,1.09029,1.09327,1.08516,1.08731
4/30/2017 21:00:00,1.08719,1.09473,1.08569,1.08959
5/1/2017 21:00:00,1.08926,1.09237,1.08841,1.08988
5/2/2017 21:00:00,1.08988,1.09331,1.08882,1.09319
5/3/2017 21:00:00,1.09277,1.09368,1.08828,1.08843
5/4/2017 21:00:00,1.08865,1.09871,1.08749,1.09836
5/7/2017 21:00:00,1.09824,1.09997,1.09486,1.09991
5/8/2017 21:00:00,1.10159,1.10168,1.09163,1.09232
5/9/2017 21:00:00,1.09207,1.09334,1.08634,1.08739
5/10/2017 21:00:00,1.08713,1.0898,1.08532,1.08677
5/11/2017 21:00:00,1.08675,1.08929,1.08391,1.0861
5/14/2017 21:00:00,1.08622,1.09343,1.08557,1.09308
5/15/2017 21:00:00,1.0932,1.09893,1.09226,1.09749
5/16/2017 21:00:00,1.09764,1.10972,1.09748,1.10822
5/17/2017 21:00:00,1.10843,1.11621,1.10809,1.11599
5/18/2017 21:00:00,1.11603,1.11718,1.10757,1.11029
5/21/2017 21:00:00,1.11028,1.12117,1.10972,1.12076
5/22/2017 21:00:00,1.12009,1.12634,1.11614,1.12369
5/23/2017 21:00:00,1.12391,1.1268,1.11751,1.11826
5/24/2017 21:00:00,1.1182,1.12199,1.11685,1.12186
5/25/2017 21:00:00,1.12179,1.12501,1.11937,1.12106
5/28/2017 21:00:00,1.12076,1.12346,1.11605,1.1183
5/29/2017 21:00:00,1.11724,1.11898,1.11618,1.11633
5/30/2017 21:00:00,1.11636,1.12054,1.11097,1.11862
5/31/2017 21:00:00,1.11882,1.1252,1.11645,1.12426
6/1/2017 21:00:00,1.12464,1.12567,1.12021,1.12121
6/4/2017 21:00:00,1.12145,1.12851,1.1205,1.12817
6/5/2017 21:00:00,1.12722,1.1284,1.12342,1.12538
6/6/2017 21:00:00,1.12558,1.12838,1.12403,1.12773
6/7/2017 21:00:00,1.1277,1.12819,1.12041,1.12563
6/8/2017 21:00:00,1.12648,1.1269,1.11949,1.12127
6/11/2017 21:00:00,1.12245,1.12368,1.11663,1.11956
6/12/2017 21:00:00,1.1207,1.1232,1.11919,1.12042
6/13/2017 21:00:00,1.12049,1.12247,1.11853,1.12103
6/14/2017 21:00:00,1.12088,1.12958,1.11931,1.12175
6/15/2017 21:00:00,1.12181,1.12285,1.11321,1.1145
6/18/2017 21:00:00,1.11444,1.12015,1.11384,1.1197
6/19/2017 21:00:00,1.12057,1.12127,1.1143,1.11477
6/20/2017 21:00:00,1.11506,1.11648,1.11188,1.11339
6/21/2017 21:00:00,1.11314,1.1169,1.11272,1.11681
6/22/2017 21:00:00,1.11678,1.11779,1.11393,1.11513
6/25/2017 21:00:00,1.11528,1.12089,1.11452,1.11936
6/26/2017 21:00:00,1.11958,1.12198,1.11717,1.11811
6/27/2017 21:00:00,1.11825,1.13491,1.11789,1.13378
6/28/2017 21:00:00,1.13369,1.13901,1.12916,1.13765
6/29/2017 21:00:00,1.13784,1.14454,1.13744,1.14403
7/2/2017 21:00:00,1.14408,1.14451,1.13921,1.14248
7/3/2017 21:00:00,1.14183,1.14267,1.1355,1.13642
7/4/2017 21:00:00,1.1363,1.1377,1.13362,1.13433
7/5/2017 21:00:00,1.13455,1.13685,1.13124,1.13512
7/6/2017 21:00:00,1.13504,1.14248,1.13298,1.14233
7/9/2017 21:00:00,1.14232,1.14397,1.13797,1.13999
7/10/2017 21:00:00,1.13977,1.1418,1.13817,1.13992
7/11/2017 21:00:00,1.13983,1.14795,1.13827,1.14667
7/12/2017 21:00:00,1.14653,1.14894,1.13916,1.14117
7/13/2017 21:00:00,1.14133,1.14558,1.13705,1.13979
7/16/2017 21:00:00,1.13983,1.14718,1.13914,1.14678
7/17/2017 21:00:00,1.14698,1.1487,1.14348,1.14783
7/18/2017 21:00:00,1.14765,1.1583,1.14714,1.15534
7/19/2017 21:00:00,1.15546,1.15566,1.15099,1.15151
7/20/2017 21:00:00,1.15144,1.16573,1.14792,1.16308
7/23/2017 21:00:00,1.16304,1.16828,1.16191,1.16633
7/24/2017 21:00:00,1.16629,1.16842,1.1626,1.16407
7/25/2017 21:00:00,1.16405,1.1712,1.16308,1.16467
7/26/2017 21:00:00,1.16474,1.17396,1.16127,1.17338
7/27/2017 21:00:00,1.17345,1.17765,1.165,1.16761
7/30/2017 21:00:00,1.16762,1.17639,1.1671,1.17496
7/31/2017 21:00:00,1.17529,1.18454,1.17231,1.18412
8/1/2017 21:00:00,1.18411,1.18441,1.17857,1.18019
8/2/2017 21:00:00,1.18009,1.19098,1.17936,1.18558
8/3/2017 21:00:00,1.18552,1.18929,1.18304,1.18687
8/6/2017 21:00:00,1.18713,1.18889,1.17281,1.17724
8/7/2017 21:00:00,1.17735,1.18136,1.17707,1.17954
8/8/2017 21:00:00,1.17931,1.18237,1.17151,1.17525
8/9/2017 21:00:00,1.17532,1.17637,1.16889,1.17585
8/10/2017 21:00:00,1.17573,1.17847,1.1704,1.17719
8/13/2017 21:00:00,1.17722,1.1846,1.17484,1.18211
8/14/2017 21:00:00,1.18222,1.18383,1.177,1.17805
8/15/2017 21:00:00,1.17792,1.17926,1.16872,1.17341
8/16/2017 21:00:00,1.17344,1.17786,1.16817,1.17668
8/17/2017 21:00:00,1.17669,1.17899,1.16625,1.17235
8/20/2017 21:00:00,1.17191,1.17737,1.17085,1.17588
8/21/2017 21:00:00,1.17609,1.1828,1.17312,1.18146
8/22/2017 21:00:00,1.18155,1.18242,1.17452,1.17622
8/23/2017 21:00:00,1.17597,1.18231,1.17403,1.18063
8/24/2017 21:00:00,1.18084,1.18177,1.17842,1.1799
8/27/2017 21:00:00,1.17991,1.19411,1.17732,1.1922
8/28/2017 21:00:00,1.19454,1.19837,1.19169,1.19786
8/29/2017 21:00:00,1.19782,1.207,1.19466,1.19725
8/30/2017 21:00:00,1.19716,1.19841,1.18806,1.18827
8/31/2017 21:00:00,1.18839,1.19124,1.1823,1.19087
9/3/2017 21:00:00,1.19075,1.19795,1.18504,1.18603
9/4/2017 21:00:00,1.188,1.1922,1.18735,1.18947
9/5/2017 21:00:00,1.18924,1.19403,1.18682,1.19125
9/6/2017 21:00:00,1.19135,1.19503,1.19029,1.19174
9/7/2017 21:00:00,1.19172,1.20595,1.1914,1.2023
9/10/2017 21:00:00,1.20231,1.20923,1.20148,1.20308
9/11/2017 21:00:00,1.20164,1.20294,1.19478,1.19531
9/12/2017 21:00:00,1.19524,1.19782,1.19262,1.19667
9/13/2017 21:00:00,1.19655,1.19948,1.18729,1.18855
9/14/2017 21:00:00,1.1881,1.19221,1.18379,1.19179
9/17/2017 21:00:00,1.19171,1.1987,1.1901,1.19457
9/18/2017 21:00:00,1.19247,1.19694,1.19149,1.1954
9/19/2017 21:00:00,1.19508,1.20065,1.19498,1.19942
9/20/2017 21:00:00,1.19931,1.20314,1.18613,1.18932
9/21/2017 21:00:00,1.18942,1.19536,1.18656,1.1941
9/24/2017 21:00:00,1.1938,1.20045,1.1937,1.19467
9/25/2017 21:00:00,1.18984,1.19364,1.1832,1.18491
9/26/2017 21:00:00,1.18459,1.18614,1.17577,1.17928
9/27/2017 21:00:00,1.17898,1.17952,1.1717,1.17442
9/28/2017 21:00:00,1.17481,1.1804,1.17212,1.17867
10/1/2017 21:00:00,1.17857,1.18323,1.17726,1.18136
10/2/2017 21:00:00,1.17955,1.1815,1.17301,1.17318
10/3/2017 21:00:00,1.17336,1.17731,1.16962,1.17437
10/4/2017 21:00:00,1.17435,1.17873,1.17354,1.17593
10/5/2017 21:00:00,1.17605,1.17788,1.1699,1.17115
10/8/2017 21:00:00,1.17067,1.17387,1.16693,1.17316
10/9/2017 21:00:00,1.17356,1.17559,1.17195,1.17397
10/10/2017 21:00:00,1.17414,1.18254,1.17391,1.18072
10/11/2017 21:00:00,1.1809,1.18691,1.17952,1.1859
10/12/2017 21:00:00,1.18601,1.18797,1.1827,1.18293
10/15/2017 21:00:00,1.18281,1.1875,1.18052,1.18164
10/16/2017 21:00:00,1.18116,1.18195,1.17803,1.17961
10/17/2017 21:00:00,1.17969,1.18,1.17361,1.17659
10/18/2017 21:00:00,1.17665,1.18053,1.17302,1.17866
10/19/2017 21:00:00,1.17888,1.18578,1.17679,1.1852
10/22/2017 21:00:00,1.18475,1.18579,1.17624,1.17799
10/23/2017 21:00:00,1.17672,1.17773,1.17248,1.17489
10/24/2017 21:00:00,1.17486,1.17927,1.17428,1.17608
10/25/2017 21:00:00,1.17614,1.18176,1.1753,1.18131
10/26/2017 21:00:00,1.18128,1.18366,1.16404,1.16515
10/29/2017 21:00:00,1.16535,1.16566,1.15737,1.16064
10/30/2017 21:00:00,1.16011,1.1658,1.15936,1.16506
10/31/2017 21:00:00,1.16507,1.16612,1.16246,1.16452
11/1/2017 21:00:00,1.16448,1.16573,1.16063,1.16186
11/2/2017 21:00:00,1.16187,1.16873,1.1613,1.16577
11/5/2017 22:00:00,1.16572,1.16903,1.15991,1.16036
11/6/2017 22:00:00,1.1611,1.16241,1.15802,1.16093
11/7/2017 22:00:00,1.16118,1.16154,1.15539,1.15863
11/8/2017 22:00:00,1.15872,1.1611,1.1579,1.15944
11/9/2017 22:00:00,1.15955,1.16548,1.15856,1.1641
11/12/2017 22:00:00,1.16381,1.1678,1.16228,1.16635
11/13/2017 22:00:00,1.16561,1.16751,1.16374,1.16661
11/14/2017 22:00:00,1.16669,1.18049,1.16614,1.17977
11/15/2017 22:00:00,1.17961,1.18604,1.17846,1.1791
11/16/2017 22:00:00,1.17895,1.18008,1.17565,1.17694
11/19/2017 22:00:00,1.17705,1.18216,1.17652,1.17896
11/20/2017 22:00:00,1.17836,1.18085,1.17223,1.17328
11/21/2017 22:00:00,1.17334,1.17576,1.17131,1.17378
11/22/2017 22:00:00,1.17393,1.18269,1.17322,1.1822
11/23/2017 22:00:00,1.18185,1.18558,1.18132,1.18475
11/26/2017 22:00:00,1.18475,1.19443,1.18368,1.19314
11/27/2017 22:00:00,1.19294,1.19611,1.18956,1.1898
11/28/2017 22:00:00,1.18973,1.192,1.1827,1.18398
11/29/2017 22:00:00,1.18401,1.18828,1.1817,1.18472
11/30/2017 22:00:00,1.18465,1.19315,1.18088,1.19034
12/3/2017 22:00:00,1.1902,1.19403,1.18509,1.18972
12/4/2017 22:00:00,1.18639,1.18784,1.18291,1.18646
12/5/2017 22:00:00,1.18628,1.18765,1.18008,1.18257
12/6/2017 22:00:00,1.18246,1.18479,1.17806,1.17951
12/7/2017 22:00:00,1.17943,1.18145,1.17719,1.17722
12/10/2017 22:00:00,1.17725,1.17766,1.17301,1.17722
12/11/2017 22:00:00,1.17658,1.18116,1.1763,1.17688
12/12/2017 22:00:00,1.17698,1.17926,1.17175,1.17417
12/13/2017 22:00:00,1.17398,1.18316,1.17294,1.18258
12/14/2017 22:00:00,1.18253,1.18625,1.17707,1.17776
12/17/2017 22:00:00,1.17771,1.18123,1.1749,1.17501
12/18/2017 22:00:00,1.1744,1.18343,1.17376,1.17811
12/19/2017 22:00:00,1.17813,1.18487,1.17766,1.18398
12/20/2017 22:00:00,1.18397,1.19017,1.18289,1.18714
12/21/2017 22:00:00,1.1871,1.18895,1.18492,1.1873
12/25/2017 22:00:00,1.18726,1.18753,1.18169,1.186
12/26/2017 22:00:00,1.18704,1.18788,1.18462,1.18581
12/27/2017 22:00:00,1.18556,1.19099,1.1855,1.18871
12/28/2017 22:00:00,1.18944,1.19591,1.18944,1.19429
1/1/2018 22:00:00,1.1942,1.20254,1.19363,1.20042
1/2/2018 22:00:00,1.20035,1.2081,1.20024,1.20582
1/3/2018 22:00:00,1.20561,1.20662,1.20011,1.20141
1/4/2018 22:00:00,1.20139,1.20889,1.20043,1.20679
1/7/2018 22:00:00,1.2067,1.20826,1.20205,1.20294
1/8/2018 22:00:00,1.20265,1.2052,1.19555,1.19667
1/9/2018 22:00:00,1.19681,1.19754,1.19154,1.19364
1/10/2018 22:00:00,1.19354,1.20181,1.19232,1.19469
1/11/2018 22:00:00,1.19478,1.20589,1.19293,1.20314
1/14/2018 22:00:00,1.20339,1.22183,1.20309,1.22029
1/15/2018 22:00:00,1.21969,1.22965,1.21876,1.22635
1/16/2018 22:00:00,1.22644,1.22833,1.21951,1.22598
1/17/2018 22:00:00,1.2258,1.23231,1.21771,1.21845
1/18/2018 22:00:00,1.21835,1.22648,1.21647,1.22381
1/21/2018 22:00:00,1.22345,1.22954,1.22145,1.22178
1/22/2018 22:00:00,1.22644,1.2267,1.22139,1.22615
1/23/2018 22:00:00,1.22612,1.23063,1.22229,1.2298
1/24/2018 22:00:00,1.22983,1.24149,1.22913,1.2408
1/25/2018 22:00:00,1.24061,1.25377,1.23639,1.23958
1/28/2018 22:00:00,1.2395,1.24933,1.23702,1.24305
1/29/2018 22:00:00,1.24236,1.24322,1.23368,1.23816
1/30/2018 22:00:00,1.23812,1.24539,1.23349,1.24018
1/31/2018 22:00:00,1.24023,1.24748,1.2387,1.24135
2/1/2018 22:00:00,1.24058,1.25225,1.2385,1.25061
2/4/2018 22:00:00,1.25085,1.25182,1.24095,1.24571
2/5/2018 22:00:00,1.24358,1.24749,1.23622,1.23647
2/6/2018 22:00:00,1.23694,1.24346,1.2314,1.23767
2/7/2018 22:00:00,1.23707,1.24059,1.22456,1.22627
2/8/2018 22:00:00,1.2263,1.22949,1.22121,1.22468
2/11/2018 22:00:00,1.2245,1.2287,1.22055,1.22518
2/12/2018 22:00:00,1.22428,1.22971,1.22351,1.22909
2/13/2018 22:00:00,1.22892,1.2371,1.22844,1.23517
2/14/2018 22:00:00,1.23526,1.24651,1.22757,1.24492
2/15/2018 22:00:00,1.24543,1.25102,1.2448,1.25054
2/18/2018 22:00:00,1.25032,1.25558,1.23934,1.24111
2/19/2018 22:00:00,1.24036,1.2435,1.2369,1.24065
2/20/2018 22:00:00,1.24051,1.24122,1.23197,1.23367
2/21/2018 22:00:00,1.23369,1.236,1.2281,1.22826
2/22/2018 22:00:00,1.22845,1.23521,1.22597,1.23293
2/25/2018 22:00:00,1.23231,1.2337,1.22798,1.22955
2/26/2018 22:00:00,1.22918,1.23549,1.22776,1.23172
2/27/2018 22:00:00,1.23157,1.23464,1.22214,1.22328
2/28/2018 22:00:00,1.22319,1.22413,1.2188,1.21936
3/1/2018 22:00:00,1.21947,1.22729,1.21546,1.22672
3/4/2018 22:00:00,1.22691,1.23357,1.22515,1.23188
3/5/2018 22:00:00,1.23311,1.23641,1.22689,1.2335
3/6/2018 22:00:00,1.23364,1.24203,1.2328,1.2404
3/7/2018 22:00:00,1.24067,1.24442,1.23847,1.24108
3/8/2018 22:00:00,1.24104,1.24459,1.22981,1.2311
3/11/2018 21:00:00,1.23105,1.23341,1.22731,1.23052
3/12/2018 21:00:00,1.231,1.23456,1.22904,1.2333
3/13/2018 21:00:00,1.23346,1.24072,1.23144,1.23892
3/14/2018 21:00:00,1.23896,1.24126,1.2347,1.2367
3/15/2018 21:00:00,1.23678,1.23836,1.23001,1.23043
3/18/2018 21:00:00,1.23042,1.23361,1.22601,1.22904
3/19/2018 21:00:00,1.22874,1.23585,1.2258,1.23346
3/20/2018 21:00:00,1.23351,1.23546,1.22394,1.22413
3/21/2018 21:00:00,1.22413,1.23498,1.22411,1.23377
3/22/2018 21:00:00,1.23417,1.23885,1.2285,1.23015
3/25/2018 21:00:00,1.23016,1.23732,1.23016,1.23539
3/26/2018 21:00:00,1.235,1.24616,1.23487,1.24461
3/27/2018 21:00:00,1.24471,1.24766,1.23724,1.24015
3/28/2018 21:00:00,1.24024,1.24217,1.23,1.23073
3/29/2018 21:00:00,1.2308,1.23354,1.22839,1.23
4/1/2018 21:00:00,1.23014,1.23307,1.229,1.2323
4/2/2018 21:00:00,1.23201,1.23449,1.22819,1.23015
4/3/2018 21:00:00,1.23032,1.23364,1.22536,1.22697
4/4/2018 21:00:00,1.22695,1.23145,1.2257,1.22775
4/5/2018 21:00:00,1.22799,1.22902,1.22183,1.22398
4/8/2018 21:00:00,1.2237,1.22908,1.2215,1.22816
4/9/2018 21:00:00,1.22815,1.23302,1.22601,1.23203
4/10/2018 21:00:00,1.23183,1.23776,1.23029,1.23553
4/11/2018 21:00:00,1.23516,1.23959,1.23469,1.23674
4/12/2018 21:00:00,1.23652,1.238,1.22993,1.23259
4/15/2018 21:00:00,1.23271,1.23458,1.2307,1.23302
4/16/2018 21:00:00,1.23262,1.23945,1.23239,1.2379
4/17/2018 21:00:00,1.23797,1.24135,1.2336,1.23698
4/18/2018 21:00:00,1.23707,1.23972,1.23412,1.23738
4/19/2018 21:00:00,1.23764,1.24002,1.2329,1.23452
4/22/2018 21:00:00,1.23447,1.23533,1.22495,1.22884
4/23/2018 21:00:00,1.22704,1.22895,1.21975,1.22078
4/24/2018 21:00:00,1.22073,1.22449,1.21818,1.22311
4/25/2018 21:00:00,1.22318,1.22386,1.216,1.21601
4/26/2018 21:00:00,1.21624,1.22097,1.20961,1.21027
4/29/2018 21:00:00,1.21039,1.21328,1.20552,1.21315
4/30/2018 21:00:00,1.21163,1.21386,1.20641,1.20791
5/1/2018 21:00:00,1.20765,1.20839,1.19812,1.19919
5/2/2018 21:00:00,1.19923,1.20315,1.19377,1.19496
5/3/2018 21:00:00,1.19498,1.20086,1.19475,1.19884
5/6/2018 21:00:00,1.19878,1.19952,1.19106,1.19619
5/7/2018 21:00:00,1.19552,1.19778,1.18973,1.1922
5/8/2018 21:00:00,1.19229,1.19386,1.18379,1.18635
5/9/2018 21:00:00,1.18617,1.18968,1.18226,1.18497
5/10/2018 21:00:00,1.18459,1.19461,1.18428,1.19148
5/13/2018 21:00:00,1.19135,1.19677,1.18909,1.1941
5/14/2018 21:00:00,1.19385,1.19959,1.19258,1.19263
5/15/2018 21:00:00,1.19231,1.19381,1.18199,1.18369
5/16/2018 21:00:00,1.18403,1.1854,1.17629,1.18069
5/17/2018 21:00:00,1.18068,1.18373,1.17763,1.17941
5/20/2018 21:00:00,1.17941,1.18219,1.17496,1.17705
5/21/2018 21:00:00,1.17704,1.17952,1.17164,1.17905
5/22/2018 21:00:00,1.17886,1.18296,1.17564,1.17777
5/23/2018 21:00:00,1.17783,1.17894,1.16756,1.16966
5/24/2018 21:00:00,1.16975,1.175,1.16906,1.17188
5/27/2018 21:00:00,1.17209,1.17333,1.16454,1.16478
5/28/2018 21:00:00,1.16801,1.17281,1.16072,1.16237
5/29/2018 21:00:00,1.16241,1.16394,1.15098,1.15388
5/30/2018 21:00:00,1.15359,1.16761,1.15184,1.16639
5/31/2018 21:00:00,1.16643,1.17243,1.16409,1.16928
6/3/2018 21:00:00,1.16887,1.1718,1.16169,1.16598
6/4/2018 21:00:00,1.16566,1.17444,1.16566,1.16978
6/5/2018 21:00:00,1.16952,1.1732,1.16523,1.17181
6/6/2018 21:00:00,1.17124,1.17956,1.17123,1.17731
6/7/2018 21:00:00,1.17745,1.18399,1.17726,1.17981
6/10/2018 21:00:00,1.17984,1.18102,1.1727,1.17693
6/11/2018 21:00:00,1.17737,1.18205,1.1771,1.17837
6/12/2018 21:00:00,1.17839,1.18089,1.17329,1.17446
6/13/2018 21:00:00,1.17447,1.18008,1.17251,1.17909
6/14/2018 21:00:00,1.1785,1.18519,1.15627,1.15668
6/17/2018 21:00:00,1.15683,1.16268,1.15431,1.16071
6/18/2018 21:00:00,1.15855,1.16242,1.15653,1.16223
6/19/2018 21:00:00,1.16204,1.16445,1.15305,1.15902
6/20/2018 21:00:00,1.15869,1.15998,1.15333,1.15748
6/21/2018 21:00:00,1.15744,1.16332,1.15083,1.16023
6/24/2018 21:00:00,1.16018,1.16748,1.16004,1.16581
6/25/2018 21:00:00,1.16638,1.17128,1.16285,1.17033
6/26/2018 21:00:00,1.17004,1.17204,1.16347,1.16479
6/27/2018 21:00:00,1.16452,1.1672,1.15405,1.15539
